catcherId,lastName,firstName,Total_Opp_Ovr,Total_ChallengesMade,Total_ChallengeRate,Total_ChallengesOverturned,Total_OverturnedRate,Home_Opp,Home_Made,Home_Rate,Home_Over,Home_OvrRate,Away_Opp,Away_Made,Away_Rate,Away_Over,Away_OvrRate,Team2Left_Opp,Team2Left_Made,Team2Left_Rate,Team2Left_Over,Team2Left_OvrRate,Team1Left_Opp,Team1Left_Made,Team1Left_Rate,Team1Left_Over,Team1Left_OvrRate,Inn1_3_Ovr_Opp,Inn1_3_Ovr_Made,Inn1_3_Ovr_Rate,Inn1_3_Ovr_Over,Inn1_3_Ovr_OvrRate,Inn1_3_Chg2_Opp,Inn1_3_Chg2_Made,Inn1_3_Chg2_Rate,Inn1_3_Chg2_Over,Inn1_3_Chg2_OvrRate,Inn1_3_Chg1_Opp,Inn1_3_Chg1_Made,Inn1_3_Chg1_Rate,Inn1_3_Chg1_Over,Inn1_3_Chg1_OvrRate,Inn4_6_Ovr_Opp,Inn4_6_Ovr_Made,Inn4_6_Ovr_Rate,Inn4_6_Ovr_Over,Inn4_6_Ovr_OvrRate,Inn4_6_Chg2_Opp,Inn4_6_Chg2_Made,Inn4_6_Chg2_Rate,Inn4_6_Chg2_Over,Inn4_6_Chg2_OvrRate,Inn4_6_Chg1_Opp,Inn4_6_Chg1_Made,Inn4_6_Chg1_Rate,Inn4_6_Chg1_Over,Inn4_6_Chg1_OvrRate,Inn7_9_Ovr_Opp,Inn7_9_Ovr_Made,Inn7_9_Ovr_Rate,Inn7_9_Ovr_Over,Inn7_9_Ovr_OvrRate,Inn7_9_Chg2_Opp,Inn7_9_Chg2_Made,Inn7_9_Chg2_Rate,Inn7_9_Chg2_Over,Inn7_9_Chg2_OvrRate,Inn7_9_Chg1_Opp,Inn7_9_Chg1_Made,Inn7_9_Chg1_Rate,Inn7_9_Chg1_Over,Inn7_9_Chg1_OvrRate,Inn10_Ovr_Opp,Inn10_Ovr_Made,Inn10_Ovr_Rate,Inn10_Ovr_Over,Inn10_Ovr_OvrRate,Inn10_Chg2_Opp,Inn10_Chg2_Made,Inn10_Chg2_Rate,Inn10_Chg2_Over,Inn10_Chg2_OvrRate,Inn10_Chg1_Opp,Inn10_Chg1_Made,Inn10_Chg1_Rate,Inn10_Chg1_Over,Inn10_Chg1_OvrRate,FastBall_Opp,FastBall_Made,FastBall_Rate,FastBall_Over,FastBall_OvrRate,BreakBall_Opp,BreakBall_Made,BreakBall_Rate,BreakBall_Over,BreakBall_OvrRate,OtherPitch_Opp,OtherPitch_Made,OtherPitch_Rate,OtherPitch_Over,OtherPitch_OvrRate
506702,León,Sandy,773,21,0.027166882,16,0.761904762,322,4,0.01242236,2,0.5,451,17,0.037694013,14,0.823529412,373,6,0.016085791,4,0.666666667,378,13,0.034391534,10,0.769230769,318,7,0.022012579,3,0.428571429,228,2,0.00877193,0,0,90,5,0.055555556,3,0.6,273,4,0.014652015,3,0.75,109,2,0.018348624,2,1,164,2,0.012195122,1,0.5,180,10,0.055555556,10,1,36,2,0.055555556,2,1,122,6,0.049180328,6,1,2,0,0,0,,0,0,,0,,2,0,0,0,,427,10,0.023419204,9,0.9,212,4,0.018867925,2,0.5,134,7,0.052238806,5,0.714285714
518595,d'Arnaud,Travis,1017,14,0.013765978,10,0.714285714,453,9,0.01986755,7,0.777777778,564,5,0.008865248,3,0.6,590,9,0.015254237,6,0.666666667,324,4,0.012345679,3,0.75,422,6,0.014218009,5,0.833333333,306,3,0.009803922,2,0.666666667,103,3,0.029126214,3,1,332,5,0.015060241,3,0.6,191,4,0.020942408,3,0.75,116,1,0.00862069,0,0,253,3,0.011857708,2,0.666666667,93,2,0.021505376,1,0.5,95,0,0,0,,10,0,0,0,,0,0,,0,,10,0,0,0,,478,9,0.018828452,6,0.666666667,325,3,0.009230769,2,0.666666667,214,2,0.009345794,2,1
521692,Perez,Salvador,2220,65,0.029279279,46,0.707692308,1239,38,0.030669895,28,0.736842105,981,27,0.027522936,18,0.666666667,1366,41,0.030014641,33,0.804878049,695,20,0.028776978,11,0.55,818,17,0.020782396,15,0.882352941,705,16,0.022695035,14,0.875,103,1,0.009708738,1,1,735,28,0.038095238,22,0.785714286,463,20,0.043196544,16,0.8,217,8,0.036866359,6,0.75,641,20,0.031201248,9,0.45,198,5,0.025252525,3,0.6,350,11,0.031428571,4,0.363636364,26,0,0,0,,0,0,,0,,25,0,0,0,,1209,38,0.031430935,24,0.631578947,643,16,0.024883359,13,0.8125,368,11,0.029891304,9,0.818181818
543309,Higashioka,Kyle,2057,43,0.020904229,30,0.697674419,1039,27,0.025986526,20,0.740740741,1018,16,0.015717092,10,0.625,1481,29,0.019581364,20,0.689655172,451,10,0.022172949,8,0.8,753,13,0.017264276,11,0.846153846,689,11,0.015965167,9,0.818181818,64,2,0.03125,2,1,723,17,0.02351314,14,0.823529412,495,12,0.024242424,9,0.75,184,4,0.02173913,4,1,581,13,0.022375215,5,0.384615385,297,6,0.02020202,2,0.333333333,203,4,0.019704433,2,0.5,0,0,,0,,0,0,,0,,0,0,,0,,1074,26,0.024208566,15,0.576923077,523,9,0.017208413,7,0.777777778,460,8,0.017391304,8,1
543510,McCann,James,1684,57,0.033847981,34,0.596491228,877,30,0.034207526,18,0.6,807,27,0.033457249,16,0.592592593,981,25,0.0254842,16,0.64,592,24,0.040540541,12,0.5,575,15,0.026086957,10,0.666666667,448,11,0.024553571,8,0.727272727,117,3,0.025641026,1,0.333333333,638,25,0.039184953,17,0.68,354,10,0.028248588,7,0.7,233,11,0.0472103,7,0.636363636,455,17,0.037362637,7,0.411764706,179,4,0.022346369,1,0.25,228,10,0.043859649,4,0.4,16,0,0,0,,0,0,,0,,14,0,0,0,,890,41,0.046067416,24,0.585365854,427,11,0.025761124,8,0.727272727,367,5,0.013623978,2,0.4
543877,Vázquez,Christian,3519,80,0.022733731,42,0.525,1638,37,0.022588523,18,0.486486486,1881,43,0.022860181,24,0.558139535,2394,52,0.021720969,30,0.576923077,895,20,0.022346369,7,0.35,1393,30,0.021536253,19,0.633333333,1187,25,0.0210615,17,0.68,201,5,0.024875622,2,0.4,1242,27,0.02173913,13,0.481481481,830,16,0.019277108,8,0.5,323,8,0.024767802,4,0.5,864,23,0.02662037,10,0.434782609,377,11,0.029177719,5,0.454545455,351,7,0.01994302,1,0.142857143,20,0,0,0,,0,0,,0,,20,0,0,0,,1639,50,0.030506406,26,0.52,1333,25,0.018754689,13,0.52,547,5,0.009140768,3,0.6
553869,Díaz,Elias,2489,54,0.02169546,31,0.574074074,1099,26,0.023657871,17,0.653846154,1390,28,0.020143885,14,0.5,1684,36,0.021377672,21,0.583333333,676,14,0.020710059,8,0.571428571,945,23,0.024338624,12,0.52173913,850,22,0.025882353,12,0.545454545,95,1,0.010526316,0,0,827,17,0.020556227,11,0.647058824,553,5,0.009041591,4,0.8,225,8,0.035555556,5,0.625,675,13,0.019259259,8,0.615384615,271,9,0.033210332,5,0.555555556,327,4,0.012232416,3,0.75,42,1,0.023809524,0,0,10,0,0,0,0,29,1,0.034482759,0,0,1293,27,0.020881671,17,0.62962963,755,19,0.025165563,8,0.421052632,441,8,0.01814059,6,0.75
571912,Maile,Luke,579,3,0.005181347,0,0,266,0,0,0,,313,3,0.009584665,0,0,390,1,0.002564103,0,0,109,2,0.018348624,0,0,225,0,0,0,,215,0,0,0,,10,0,0,0,,205,1,0.004878049,0,0,120,0,0,0,,65,1,0.015384615,0,0,149,2,0.013422819,0,0,55,1,0.018181818,0,0,34,1,0.029411765,0,0,0,0,,0,,0,0,,0,,0,0,,0,,323,2,0.00619195,0,0,177,1,0.005649718,0,0,79,0,0,0,
592663,Realmuto,Jacob,4848,61,0.012582508,48,0.786885246,2215,28,0.012641084,22,0.785714286,2633,33,0.012533232,26,0.787878788,2948,37,0.012550882,31,0.837837838,1448,18,0.012430939,15,0.833333333,1651,21,0.012719564,19,0.904761905,1442,20,0.013869626,18,0.9,209,1,0.004784689,1,1,1669,19,0.011384062,10,0.526315789,951,7,0.007360673,4,0.571428571,617,7,0.011345219,4,0.571428571,1453,19,0.013076394,17,0.894736842,551,10,0.01814882,9,0.9,556,8,0.014388489,8,1,75,2,0.026666667,2,1,4,0,0,0,0,66,2,0.03030303,2,1,2344,44,0.018771331,33,0.75,1527,12,0.007858546,10,0.833333333,977,5,0.005117707,5,1
595978,Hedges,Austin,2740,62,0.022627737,31,0.5,1298,30,0.023112481,14,0.466666667,1442,32,0.022191401,17,0.53125,1832,37,0.020196507,20,0.540540541,632,17,0.026898734,8,0.470588235,999,17,0.017017017,9,0.529411765,897,16,0.017837235,9,0.5625,94,0,0,0,,991,19,0.019172553,9,0.473684211,670,11,0.01641791,5,0.454545455,255,8,0.031372549,4,0.5,746,26,0.034852547,13,0.5,265,10,0.037735849,6,0.6,283,9,0.03180212,4,0.444444444,4,0,0,0,,0,0,,0,,0,0,,0,,1467,49,0.0334015,30,0.612244898,833,9,0.010804322,1,0.111111111,440,4,0.009090909,0,0
596117,Stubbs,Garrett,830,19,0.022891566,13,0.684210526,466,9,0.019313305,6,0.666666667,364,10,0.027472527,7,0.7,575,10,0.017391304,7,0.7,192,7,0.036458333,5,0.714285714,297,8,0.026936027,6,0.75,276,7,0.025362319,5,0.714285714,15,1,0.066666667,1,1,260,2,0.007692308,1,0.5,180,1,0.005555556,1,1,50,1,0.02,0,0,242,6,0.024793388,3,0.5,119,2,0.016806723,1,0.5,96,2,0.020833333,1,0.5,31,3,0.096774194,3,1,0,0,,0,0,31,3,0.096774194,3,1,424,13,0.030660377,9,0.692307692,237,4,0.016877637,2,0.5,169,2,0.01183432,2,1
596142,Sánchez,Gary,1580,58,0.036708861,31,0.534482759,816,27,0.033088235,14,0.518518519,764,31,0.040575916,17,0.548387097,1075,38,0.035348837,21,0.552631579,436,16,0.036697248,9,0.5625,540,19,0.035185185,12,0.631578947,519,19,0.036608863,12,0.631578947,21,0,0,0,,565,16,0.028318584,8,0.5,357,9,0.025210084,4,0.444444444,195,6,0.030769231,4,0.666666667,455,21,0.046153846,11,0.523809524,196,9,0.045918367,5,0.555555556,203,9,0.044334975,5,0.555555556,20,2,0.1,0,0,3,1,0.333333333,0,0,17,1,0.058823529,0,0,997,36,0.036108325,21,0.583333333,404,18,0.044554455,9,0.5,179,4,0.022346369,1,0.25
605170,Caratini,Victor,3018,111,0.036779324,68,0.612612613,1409,43,0.030518098,26,0.604651163,1609,68,0.042262275,42,0.617647059,2212,80,0.036166365,51,0.6375,733,29,0.039563438,17,0.586206897,1159,37,0.031924072,31,0.837837838,1038,32,0.030828516,26,0.8125,121,5,0.041322314,5,1,1027,43,0.041869523,22,0.511627907,768,30,0.0390625,16,0.533333333,243,12,0.049382716,6,0.5,800,31,0.03875,15,0.483870968,406,18,0.044334975,9,0.5,337,12,0.035608309,6,0.5,32,0,0,0,,0,0,,0,,32,0,0,0,,1533,68,0.044357469,46,0.676470588,886,23,0.025959368,11,0.47826087,599,20,0.033388982,11,0.55
605244,Garcia,Aramis,258,2,0.007751938,1,0.5,106,0,0,0,,152,2,0.013157895,1,0.5,215,2,0.009302326,1,0.5,43,0,0,0,,97,1,0.010309278,1,1,97,1,0.010309278,1,1,0,0,,0,,95,1,0.010526316,0,0,80,1,0.0125,0,0,15,0,0,0,,66,0,0,0,,38,0,0,0,,28,0,0,0,,0,0,,0,,0,0,,0,,0,0,,0,,151,0,0,0,,74,1,0.013513514,0,0,33,1,0.03030303,1,1
606992,Haase,Eric,1176,20,0.017006803,12,0.6,669,12,0.01793722,7,0.583333333,507,8,0.015779093,5,0.625,781,14,0.017925736,10,0.714285714,188,4,0.021276596,1,0.25,422,7,0.016587678,3,0.428571429,370,5,0.013513514,3,0.6,31,2,0.064516129,0,0,458,8,0.017467249,5,0.625,300,5,0.016666667,4,0.8,95,2,0.021052632,1,0.5,293,4,0.013651877,3,0.75,108,3,0.027777778,2,0.666666667,62,0,0,0,,3,1,0.333333333,1,1,3,1,0.333333333,1,1,0,0,,0,0,588,13,0.022108844,7,0.538461538,358,5,0.01396648,4,0.8,230,2,0.008695652,1,0.5
608348,Kelly,Carson,4092,71,0.017350929,51,0.718309859,1989,24,0.012066365,17,0.708333333,2103,47,0.022349025,34,0.723404255,2519,33,0.013100437,25,0.757575758,1290,32,0.024806202,25,0.78125,1336,8,0.005988024,6,0.75,1141,6,0.005258545,4,0.666666667,190,2,0.010526316,2,1,1391,26,0.018691589,22,0.846153846,859,11,0.012805588,9,0.818181818,482,13,0.026970954,12,0.923076923,1289,35,0.027152832,22,0.628571429,507,16,0.031558185,12,0.75,565,15,0.026548673,10,0.666666667,76,2,0.026315789,1,0.5,12,0,0,0,0,53,2,0.037735849,1,0.5,2045,47,0.022982885,32,0.680851064,1303,17,0.013046815,12,0.705882353,744,7,0.009408602,7,1
620443,Torrens,Luis,3175,79,0.02488189,44,0.556962025,1470,43,0.029251701,22,0.511627907,1705,36,0.02111437,22,0.611111111,2190,49,0.022374429,28,0.571428571,803,28,0.03486924,15,0.535714286,1221,19,0.015561016,13,0.684210526,1097,16,0.014585232,10,0.625,121,3,0.024793388,3,1,1034,20,0.01934236,14,0.7,728,15,0.020604396,10,0.666666667,262,4,0.015267176,3,0.75,874,36,0.041189931,15,0.416666667,355,17,0.047887324,8,0.470588235,384,18,0.046875,7,0.388888889,46,4,0.086956522,2,0.5,10,1,0.1,0,0,36,3,0.083333333,2,0.5,1846,46,0.024918743,26,0.565217391,898,25,0.027839644,13,0.52,431,8,0.018561485,5,0.625
623168,Heineman,Tyler,2497,47,0.018822587,27,0.574468085,1075,22,0.020465116,11,0.5,1422,25,0.017580872,16,0.64,1783,26,0.014582165,18,0.692307692,608,18,0.029605263,8,0.444444444,889,6,0.006749156,5,0.833333333,810,5,0.00617284,4,0.8,79,1,0.012658228,1,1,866,10,0.011547344,7,0.7,631,8,0.012678288,6,0.75,219,2,0.00913242,1,0.5,705,28,0.039716312,15,0.535714286,323,13,0.040247678,8,0.615384615,292,12,0.04109589,6,0.5,37,3,0.081081081,0,0,19,0,0,0,0,18,3,0.166666667,0,0,1225,24,0.019591837,18,0.75,794,18,0.022670025,8,0.444444444,478,5,0.010460251,1,0.2
624431,Trevino,Jose,1959,38,0.019397652,25,0.657894737,905,19,0.020994475,13,0.684210526,1054,19,0.018026565,12,0.631578947,1259,24,0.019062748,18,0.75,539,11,0.020408163,6,0.545454545,733,9,0.012278308,7,0.777777778,660,8,0.012121212,7,0.875,65,1,0.015384615,0,0,653,12,0.018376723,7,0.583333333,441,12,0.027210884,7,0.583333333,182,0,0,0,,565,17,0.030088496,11,0.647058824,158,4,0.025316456,4,1,284,10,0.035211268,6,0.6,8,0,0,0,,0,0,,0,,8,0,0,0,,894,21,0.023489933,14,0.666666667,765,12,0.015686275,7,0.583333333,300,5,0.016666667,4,0.8
624512,McGuire,Reese,527,8,0.015180266,5,0.625,334,3,0.008982036,1,0.333333333,193,5,0.025906736,4,0.8,367,5,0.013623978,3,0.6,62,0,0,0,,203,1,0.004926108,1,1,175,1,0.005714286,1,1,27,0,0,0,,144,1,0.006944444,0,0,106,1,0.009433962,0,0,13,0,0,0,,172,6,0.034883721,4,0.666666667,86,3,0.034883721,2,0.666666667,14,0,0,0,,8,0,0,0,,0,0,,0,,8,0,0,0,,274,3,0.010948905,2,0.666666667,211,5,0.023696682,3,0.6,42,0,0,0,
640459,Navarreto,Brian,650,15,0.023076923,9,0.6,388,10,0.025773196,5,0.5,262,5,0.019083969,4,0.8,408,8,0.019607843,7,0.875,242,7,0.02892562,2,0.285714286,236,3,0.012711864,3,1,190,3,0.015789474,3,1,46,0,0,0,,239,5,0.020920502,3,0.6,155,3,0.019354839,2,0.666666667,84,2,0.023809524,1,0.5,162,6,0.037037037,3,0.5,63,2,0.031746032,2,1,99,4,0.04040404,1,0.25,13,1,0.076923077,0,0,0,0,,0,0,13,1,0.076923077,0,0,256,7,0.02734375,4,0.571428571,298,4,0.013422819,2,0.5,96,4,0.041666667,3,0.75
640902,Pereda,Jhonny,1059,32,0.030217186,15,0.46875,551,19,0.034482759,10,0.526315789,508,13,0.025590551,5,0.384615385,675,19,0.028148148,8,0.421052632,323,12,0.037151703,7,0.583333333,383,10,0.026109661,6,0.6,356,10,0.028089888,6,0.6,27,0,0,0,,362,15,0.041436464,6,0.4,251,7,0.027888446,2,0.285714286,92,7,0.076086957,4,0.571428571,301,7,0.023255814,3,0.428571429,68,2,0.029411765,0,0,191,5,0.02617801,3,0.6,13,0,0,0,,0,0,,0,,13,0,0,0,,539,20,0.037105751,11,0.55,333,10,0.03003003,4,0.4,187,2,0.010695187,0,0
641555,Escarra,Juan,1150,27,0.023478261,17,0.62962963,618,17,0.027508091,13,0.764705882,532,10,0.018796992,4,0.4,716,15,0.020949721,8,0.533333333,383,11,0.028720627,8,0.727272727,483,9,0.01863354,6,0.666666667,399,8,0.020050125,5,0.625,84,1,0.011904762,1,1,399,8,0.020050125,6,0.75,228,4,0.01754386,2,0.5,140,4,0.028571429,4,1,268,10,0.037313433,5,0.5,89,3,0.033707865,1,0.333333333,159,6,0.037735849,3,0.5,0,0,,0,,0,0,,0,,0,0,,0,,640,17,0.0265625,9,0.529411765,340,5,0.014705882,4,0.8,170,5,0.029411765,4,0.8
641598,Garver,Mitchell,1548,34,0.021963824,25,0.735294118,882,17,0.019274376,13,0.764705882,666,17,0.025525526,12,0.705882353,968,22,0.022727273,18,0.818181818,428,12,0.028037383,7,0.583333333,490,9,0.018367347,9,1,450,9,0.02,9,1,29,0,0,0,,530,12,0.022641509,9,0.75,383,9,0.023498695,7,0.777777778,114,3,0.026315789,2,0.666666667,507,13,0.025641026,7,0.538461538,133,4,0.030075188,2,0.5,268,9,0.03358209,5,0.555555556,21,0,0,0,,2,0,0,0,,17,0,0,0,,789,26,0.032953105,18,0.692307692,578,6,0.010380623,5,0.833333333,181,2,0.011049724,2,1
641680,Heim,Jonah,2913,82,0.028149674,51,0.62195122,1334,37,0.027736132,22,0.594594595,1579,45,0.02849905,29,0.644444444,1862,52,0.02792696,33,0.634615385,890,25,0.028089888,14,0.56,1076,26,0.024163569,17,0.653846154,943,22,0.023329799,16,0.727272727,123,4,0.032520325,1,0.25,1039,33,0.031761309,20,0.606060606,614,18,0.029315961,10,0.555555556,379,13,0.034300792,8,0.615384615,790,23,0.029113924,14,0.608695652,305,12,0.039344262,7,0.583333333,380,8,0.021052632,5,0.625,8,0,0,0,,0,0,,0,,8,0,0,0,,1533,58,0.037834312,35,0.603448276,950,18,0.018947368,12,0.666666667,430,6,0.013953488,4,0.666666667
642851,Wynns,Robert,1189,42,0.035323802,23,0.547619048,675,20,0.02962963,11,0.55,514,22,0.042801556,12,0.545454545,843,28,0.033214709,16,0.571428571,321,12,0.037383178,6,0.5,465,12,0.025806452,8,0.666666667,411,12,0.02919708,8,0.666666667,54,0,0,0,,412,14,0.033980583,7,0.5,308,11,0.035714286,5,0.454545455,104,3,0.028846154,2,0.666666667,308,15,0.048701299,7,0.466666667,124,5,0.040322581,3,0.6,160,9,0.05625,4,0.444444444,4,1,0.25,1,1,0,0,,0,0,3,0,0,0,0,602,28,0.046511628,15,0.535714286,381,7,0.018372703,3,0.428571429,206,7,0.033980583,5,0.714285714
643376,Jansen,Daniel,2227,24,0.01077683,18,0.75,1262,16,0.012678288,12,0.75,965,8,0.008290155,6,0.75,1756,13,0.007403189,10,0.769230769,353,5,0.014164306,4,0.8,804,8,0.009950249,6,0.75,751,8,0.010652463,6,0.75,33,0,0,0,,763,8,0.010484928,5,0.625,629,4,0.0063593,3,0.75,104,2,0.019230769,2,1,640,8,0.0125,7,0.875,376,1,0.002659574,1,1,200,3,0.015,2,0.666666667,20,0,0,0,,0,0,,0,,16,0,0,0,,1096,15,0.013686131,12,0.8,676,6,0.00887574,4,0.666666667,455,3,0.006593407,2,0.666666667
644433,Tromp,Chadwick,578,15,0.025951557,8,0.533333333,336,7,0.020833333,4,0.571428571,242,8,0.033057851,4,0.5,331,10,0.03021148,4,0.4,225,5,0.022222222,4,0.8,188,3,0.015957447,1,0.333333333,149,2,0.013422819,1,0.5,39,1,0.025641026,0,0,205,6,0.029268293,4,0.666666667,135,5,0.037037037,3,0.6,70,1,0.014285714,1,1,165,6,0.036363636,3,0.5,42,3,0.071428571,0,0,101,3,0.02970297,3,1,20,0,0,0,,5,0,0,0,,15,0,0,0,,264,7,0.026515152,4,0.571428571,209,5,0.023923445,3,0.6,105,3,0.028571429,1,0.333333333
645305,Sánchez,Ali,1123,37,0.032947462,17,0.459459459,574,20,0.034843206,9,0.45,549,17,0.030965392,8,0.470588235,713,24,0.033660589,13,0.541666667,338,10,0.029585799,3,0.3,429,11,0.025641026,7,0.636363636,352,9,0.025568182,5,0.555555556,77,2,0.025974026,2,1,361,12,0.033240997,7,0.583333333,242,9,0.037190083,6,0.666666667,106,3,0.028301887,1,0.333333333,268,11,0.041044776,2,0.181818182,115,5,0.043478261,1,0.2,94,3,0.031914894,0,0,65,3,0.046153846,1,0.333333333,4,1,0.25,1,0.333333333,61,2,0.032786885,0,0,645,17,0.026356589,9,0.529411765,309,13,0.042071197,4,0.307692308,169,7,0.041420118,4,0.571428571
650968,Pozo,Yohel,399,10,0.025062657,3,0.3,230,5,0.02173913,2,0.4,169,5,0.029585799,1,0.2,280,8,0.028571429,3,0.375,87,2,0.022988506,0,0,97,1,0.010309278,0,0,97,1,0.010309278,0,0,0,0,,0,,78,1,0.012820513,1,1,72,1,0.013888889,1,1,6,0,0,0,,191,8,0.041884817,2,0.25,111,6,0.054054054,2,0.333333333,50,2,0.04,0,0,33,0,0,0,,0,0,,0,,31,0,0,0,,210,5,0.023809524,2,0.4,121,4,0.033057851,1,0.25,68,1,0.014705882,0,0
656577,Jackson,Alexander,750,32,0.042666667,16,0.5,449,18,0.040089087,8,0.444444444,301,14,0.046511628,8,0.571428571,667,25,0.037481259,13,0.52,61,5,0.081967213,2,0.4,293,14,0.04778157,9,0.642857143,281,12,0.042704626,7,0.583333333,12,2,0.166666667,2,1,243,9,0.037037037,4,0.444444444,220,9,0.040909091,4,0.444444444,21,0,0,0,,214,9,0.042056075,3,0.333333333,166,4,0.024096386,2,0.5,28,3,0.107142857,0,0,0,0,,0,,0,0,,0,,0,0,,0,,350,22,0.062857143,10,0.454545455,269,7,0.026022305,5,0.714285714,131,3,0.022900763,1,0.333333333
657136,Wong,Connor,2504,41,0.016373802,26,0.634146341,1282,22,0.017160686,16,0.727272727,1222,19,0.015548282,10,0.526315789,1686,26,0.015421115,15,0.576923077,621,11,0.017713366,9,0.818181818,953,10,0.010493179,8,0.8,844,7,0.008293839,5,0.714285714,109,3,0.027522936,3,1,849,15,0.017667845,11,0.733333333,511,9,0.017612524,6,0.666666667,275,4,0.014545455,4,1,677,15,0.022156573,7,0.466666667,322,10,0.031055901,4,0.4,221,3,0.013574661,2,0.666666667,25,1,0.04,0,0,9,0,0,0,0,16,1,0.0625,0,0,1517,30,0.019775873,18,0.6,643,7,0.01088647,4,0.571428571,344,4,0.011627907,4,1
660688,Ruiz,Keibert,3934,101,0.025673615,57,0.564356436,1846,52,0.028169014,34,0.653846154,2088,49,0.023467433,23,0.469387755,2799,65,0.023222579,38,0.584615385,828,27,0.032608696,14,0.518518519,1390,25,0.017985612,18,0.72,1274,23,0.018053375,16,0.695652174,111,2,0.018018018,2,1,1318,39,0.029590288,19,0.487179487,949,25,0.026343519,13,0.52,293,13,0.044368601,5,0.384615385,1206,36,0.029850746,19,0.527777778,576,17,0.029513889,9,0.529411765,404,11,0.027227723,6,0.545454545,20,1,0.05,1,1,0,0,,0,0,20,1,0.05,1,1,1783,49,0.027481772,26,0.530612245,1662,45,0.027075812,29,0.644444444,489,7,0.014314928,2,0.285714286
660710,Durán,Rodolfo,1355,19,0.01402214,12,0.631578947,666,7,0.010510511,4,0.571428571,689,12,0.017416546,8,0.666666667,940,14,0.014893617,8,0.571428571,381,4,0.010498688,3,0.75,468,8,0.017094017,5,0.625,456,8,0.01754386,5,0.625,12,0,0,0,,473,6,0.012684989,5,0.833333333,306,4,0.013071895,3,0.75,166,2,0.012048193,2,1,405,5,0.012345679,2,0.4,178,2,0.011235955,0,0,194,2,0.010309278,1,0.5,9,0,0,0,,0,0,,0,,9,0,0,0,,664,14,0.021084337,7,0.5,384,4,0.010416667,4,1,307,1,0.003257329,1,1
661388,Contreras,William,4596,149,0.032419495,78,0.523489933,2244,65,0.028966132,32,0.492307692,2352,84,0.035714286,46,0.547619048,3043,94,0.030890569,50,0.531914894,1351,45,0.03330866,22,0.488888889,1721,50,0.029052876,31,0.62,1515,45,0.02970297,27,0.6,201,5,0.024875622,4,0.8,1526,40,0.02621232,22,0.55,1005,31,0.030845771,18,0.580645161,479,6,0.012526096,2,0.333333333,1301,58,0.044581091,25,0.431034483,520,18,0.034615385,5,0.277777778,630,33,0.052380952,16,0.484848485,48,1,0.020833333,0,0,3,0,0,0,0,41,1,0.024390244,0,0,2869,109,0.037992332,63,0.577981651,1168,32,0.02739726,12,0.375,559,8,0.01431127,3,0.375
661531,Serven,Brian,689,12,0.017416546,9,0.75,272,4,0.014705882,2,0.5,417,8,0.019184652,7,0.875,485,8,0.016494845,6,0.75,185,4,0.021621622,3,0.75,259,3,0.011583012,3,1,230,2,0.008695652,2,1,29,1,0.034482759,1,1,218,5,0.02293578,4,0.8,165,4,0.024242424,3,0.75,53,1,0.018867925,1,1,212,4,0.018867925,2,0.5,90,2,0.022222222,1,0.5,103,2,0.019417476,1,0.5,0,0,,0,,0,0,,0,,0,0,,0,,378,6,0.015873016,5,0.833333333,196,4,0.020408163,3,0.75,115,2,0.017391304,1,0.5
663584,Senger,Hayden,284,3,0.01056338,1,0.333333333,141,0,0,0,,143,3,0.020979021,1,0.333333333,199,0,0,0,,85,3,0.035294118,1,0.333333333,136,0,0,0,,115,0,0,0,,21,0,0,0,,110,2,0.018181818,1,0.5,80,0,0,0,,30,2,0.066666667,1,0.5,23,1,0.043478261,0,0,4,0,0,0,,19,1,0.052631579,0,0,15,0,0,0,,0,0,,0,,15,0,0,0,,181,2,0.011049724,1,0.5,68,1,0.014705882,0,0,35,0,0,0,
663698,Bart,Joseph,1565,27,0.017252396,17,0.62962963,854,18,0.021077283,11,0.611111111,711,9,0.012658228,6,0.666666667,1138,18,0.015817223,10,0.555555556,378,9,0.023809524,7,0.777777778,539,8,0.014842301,7,0.875,483,6,0.01242236,5,0.833333333,56,2,0.035714286,2,1,576,9,0.015625,4,0.444444444,433,8,0.018475751,4,0.5,143,1,0.006993007,0,0,419,8,0.019093079,5,0.625,221,4,0.018099548,1,0.25,149,4,0.026845638,4,1,31,2,0.064516129,1,0.5,1,0,0,0,0,30,2,0.066666667,1,0.5,882,17,0.019274376,8,0.470588235,471,10,0.021231423,9,0.9,212,0,0,0,
663728,Raleigh,Caleb,3579,68,0.018999721,39,0.573529412,1827,29,0.015873016,17,0.586206897,1752,39,0.022260274,22,0.564102564,2561,45,0.017571261,24,0.533333333,673,15,0.022288262,9,0.6,1262,20,0.015847861,14,0.7,1107,18,0.016260163,12,0.666666667,103,0,0,0,,1292,18,0.013931889,9,0.5,918,15,0.016339869,7,0.466666667,262,3,0.011450382,2,0.666666667,1001,29,0.028971029,15,0.517241379,532,12,0.022556391,5,0.416666667,294,11,0.037414966,6,0.545454545,24,1,0.041666667,1,1,4,0,0,0,0,14,1,0.071428571,1,1,1842,41,0.022258415,23,0.56097561,1213,17,0.014014839,12,0.705882353,524,10,0.019083969,4,0.4
663743,Fortes,Nicholas,3136,94,0.02997449,58,0.617021277,1369,39,0.028487947,23,0.58974359,1767,55,0.031126203,35,0.636363636,2167,60,0.027688048,39,0.65,807,27,0.033457249,16,0.592592593,1032,25,0.024224806,18,0.72,933,23,0.024651661,16,0.695652174,99,2,0.02020202,2,1,1019,33,0.032384691,18,0.545454545,746,20,0.026809651,12,0.6,231,11,0.047619048,5,0.454545455,1021,35,0.034280118,22,0.628571429,488,17,0.034836066,11,0.647058824,417,13,0.03117506,9,0.692307692,64,1,0.015625,0,0,0,0,,0,0,60,1,0.016666667,0,0,1648,54,0.03276699,31,0.574074074,691,25,0.03617945,18,0.72,797,15,0.018820577,9,0.6
663886,Stephenson,Tyler,5108,121,0.023688332,84,0.694214876,2577,63,0.024447031,40,0.634920635,2531,58,0.022915844,44,0.75862069,3103,69,0.022236545,50,0.724637681,1580,40,0.025316456,27,0.675,1793,29,0.01617401,19,0.655172414,1542,26,0.016861219,16,0.615384615,241,3,0.012448133,3,1,1747,40,0.022896394,33,0.825,999,26,0.026026026,21,0.807692308,597,13,0.021775544,11,0.846153846,1523,51,0.03348654,32,0.62745098,541,17,0.03142329,13,0.764705882,722,23,0.031855956,13,0.565217391,45,1,0.022222222,0,0,21,0,0,0,0,20,1,0.05,0,0,2492,73,0.02929374,50,0.684931507,1958,43,0.021961185,32,0.744186047,658,5,0.007598784,2,0.4
663967,Salazar,César,356,6,0.016853933,2,0.333333333,151,3,0.01986755,1,0.333333333,205,3,0.014634146,1,0.333333333,293,5,0.017064846,2,0.4,61,1,0.016393443,0,0,139,1,0.007194245,0,0,136,1,0.007352941,0,0,3,0,0,0,,142,3,0.021126761,1,0.333333333,114,3,0.026315789,1,0.333333333,28,0,0,0,,75,2,0.026666667,1,0.5,43,1,0.023255814,1,1,30,1,0.033333333,0,0,0,0,,0,,0,0,,0,,0,0,,0,,165,3,0.018181818,1,0.333333333,110,2,0.018181818,1,0.5,81,1,0.012345679,0,0
664731,Higgins,Patrick,514,11,0.021400778,9,0.818181818,267,6,0.02247191,6,1,247,5,0.020242915,3,0.6,384,7,0.018229167,6,0.857142857,122,3,0.024590164,2,0.666666667,157,5,0.031847134,5,1,147,4,0.027210884,4,1,10,1,0.1,1,1,169,3,0.017751479,2,0.666666667,148,3,0.02027027,2,0.666666667,21,0,0,0,,166,2,0.012048193,1,0.5,84,0,0,0,,82,2,0.024390244,1,0.5,22,1,0.045454545,1,1,5,0,0,0,0,9,0,0,0,0,281,8,0.028469751,6,0.75,161,3,0.01863354,3,1,72,0,0,0,
664954,Sullivan,Brett,2395,66,0.027557411,37,0.560606061,1220,30,0.024590164,19,0.633333333,1175,36,0.030638298,18,0.5,1550,37,0.023870968,21,0.567567568,697,24,0.034433286,14,0.583333333,903,23,0.025470653,15,0.652173913,767,16,0.020860495,10,0.625,132,6,0.045454545,4,0.666666667,902,24,0.026607539,10,0.416666667,553,12,0.021699819,4,0.333333333,322,11,0.034161491,6,0.545454545,564,18,0.031914894,11,0.611111111,222,9,0.040540541,7,0.777777778,229,6,0.026200873,3,0.5,26,1,0.038461538,1,1,8,0,0,0,0,14,1,0.071428571,1,1,1226,49,0.039967374,28,0.571428571,763,10,0.01310616,6,0.6,406,7,0.017241379,3,0.428571429
665561,Marchán,Rafael,1346,32,0.023774146,18,0.5625,733,18,0.024556617,10,0.555555556,613,14,0.022838499,8,0.571428571,817,16,0.019583843,10,0.625,365,15,0.04109589,8,0.533333333,408,6,0.014705882,5,0.833333333,375,3,0.008,3,1,33,3,0.090909091,2,0.666666667,479,15,0.03131524,9,0.6,313,9,0.028753994,6,0.666666667,144,6,0.041666667,3,0.5,449,11,0.024498886,4,0.363636364,126,4,0.031746032,1,0.25,181,6,0.033149171,3,0.5,10,0,0,0,,3,0,0,0,,7,0,0,0,,664,16,0.024096386,10,0.625,454,14,0.030837004,7,0.5,228,2,0.00877193,1,0.5
665804,Amaya,Miguel,2560,68,0.0265625,44,0.647058824,1189,37,0.031118587,24,0.648648649,1371,31,0.022611233,20,0.64516129,1795,44,0.024512535,30,0.681818182,630,14,0.022222222,8,0.571428571,892,20,0.022421525,17,0.85,808,19,0.023514851,16,0.842105263,76,0,0,0,,933,26,0.027867095,16,0.615384615,637,17,0.026687598,9,0.529411765,235,7,0.029787234,6,0.857142857,711,22,0.030942335,11,0.5,339,8,0.02359882,5,0.625,306,7,0.022875817,2,0.285714286,24,0,0,0,,11,0,0,0,,13,0,0,0,,1244,40,0.032154341,26,0.65,830,17,0.020481928,12,0.705882353,486,11,0.022633745,6,0.545454545
665861,Rivero,Sebastián,880,19,0.021590909,10,0.526315789,463,11,0.023758099,6,0.545454545,417,8,0.019184652,4,0.5,668,10,0.01497006,5,0.5,174,7,0.040229885,3,0.428571429,338,5,0.014792899,1,0.2,309,4,0.012944984,1,0.25,29,1,0.034482759,0,0,261,4,0.01532567,2,0.5,177,2,0.011299435,1,0.5,67,2,0.029850746,1,0.5,273,10,0.036630037,7,0.7,182,4,0.021978022,3,0.75,74,4,0.054054054,2,0.5,8,0,0,0,,0,0,,0,,4,0,0,0,,426,8,0.018779343,3,0.375,259,8,0.030888031,4,0.5,195,3,0.015384615,3,1
665966,Narváez,Carlos,3393,72,0.021220159,38,0.527777778,1750,44,0.025142857,26,0.590909091,1643,28,0.017041996,12,0.428571429,2353,44,0.018699533,25,0.568181818,913,23,0.025191676,11,0.47826087,1334,30,0.022488756,18,0.6,1211,28,0.023121387,17,0.607142857,123,2,0.016260163,1,0.5,1191,23,0.019311503,15,0.652173913,766,10,0.01305483,8,0.8,406,12,0.02955665,7,0.583333333,849,18,0.021201413,5,0.277777778,376,6,0.015957447,0,0,365,8,0.021917808,3,0.375,19,1,0.052631579,0,0,0,0,,0,0,19,1,0.052631579,0,0,1945,60,0.030848329,32,0.533333333,901,12,0.013318535,6,0.5,547,0,0,0,
666023,Fermin,Freddy,3277,76,0.023191944,38,0.5,1509,34,0.022531478,12,0.352941176,1768,42,0.023755656,26,0.619047619,2204,45,0.020417423,20,0.444444444,889,23,0.025871766,13,0.565217391,1227,26,0.021189894,16,0.615384615,1107,25,0.022583559,16,0.64,120,1,0.008333333,0,0,1114,24,0.021543986,9,0.375,697,12,0.017216643,2,0.166666667,394,11,0.027918782,6,0.545454545,914,26,0.028446389,13,0.5,398,8,0.020100503,2,0.25,360,11,0.030555556,7,0.636363636,22,0,0,0,,2,0,0,0,,15,0,0,0,,1659,44,0.026522001,18,0.409090909,925,20,0.021621622,12,0.6,693,12,0.017316017,8,0.666666667
666163,Rortvedt,Benjamin,458,8,0.017467249,5,0.625,273,3,0.010989011,2,0.666666667,185,5,0.027027027,3,0.6,291,4,0.013745704,3,0.75,111,3,0.027027027,2,0.666666667,151,1,0.006622517,1,1,151,1,0.006622517,1,1,0,0,,0,,140,3,0.021428571,2,0.666666667,112,3,0.026785714,2,0.666666667,19,0,0,0,,167,4,0.023952096,2,0.5,28,0,0,0,,92,3,0.032608696,2,0.666666667,0,0,,0,,0,0,,0,,0,0,,0,,229,2,0.008733624,1,0.5,131,5,0.038167939,3,0.6,98,1,0.010204082,1,1
666310,Naylor,Noah,1112,12,0.010791367,4,0.333333333,671,7,0.010432191,2,0.285714286,441,5,0.011337868,2,0.4,717,8,0.011157601,3,0.375,390,4,0.01025641,1,0.25,401,2,0.004987531,2,1,354,2,0.005649718,2,1,46,0,0,0,,400,7,0.0175,1,0.142857143,256,5,0.01953125,1,0.2,144,2,0.013888889,0,0,311,3,0.009646302,1,0.333333333,107,1,0.009345794,0,0,200,2,0.01,1,0.5,0,0,,0,,0,0,,0,,0,0,,0,,573,4,0.006980803,2,0.5,395,6,0.015189873,0,0,144,2,0.013888889,2,1
668670,Rogers,Jacob,2077,34,0.016369764,18,0.529411765,1099,19,0.017288444,12,0.631578947,978,15,0.015337423,6,0.4,1394,22,0.015781923,13,0.590909091,599,10,0.016694491,4,0.4,744,13,0.017473118,8,0.615384615,674,12,0.017804154,7,0.583333333,65,1,0.015384615,1,1,749,6,0.008010681,4,0.666666667,496,6,0.012096774,4,0.666666667,240,0,0,0,,543,14,0.025782689,5,0.357142857,220,4,0.018181818,2,0.5,257,8,0.031128405,2,0.25,41,1,0.024390244,1,1,4,0,0,0,0,37,1,0.027027027,1,1,1071,23,0.021475257,12,0.52173913,596,11,0.018456376,6,0.545454545,410,0,0,0,
668800,Knizner,Andrew,411,15,0.03649635,12,0.8,210,4,0.019047619,4,1,201,11,0.054726368,8,0.727272727,283,9,0.03180212,8,0.888888889,110,5,0.045454545,3,0.6,143,2,0.013986014,2,1,124,2,0.016129032,2,1,19,0,0,0,,129,5,0.03875969,4,0.8,104,4,0.038461538,4,1,25,1,0.04,0,0,139,8,0.057553957,6,0.75,55,3,0.054545455,2,0.666666667,66,4,0.060606061,3,0.75,0,0,,0,,0,0,,0,,0,0,,0,,204,11,0.053921569,9,0.818181818,141,3,0.021276596,3,1,66,1,0.015151515,0,0
668939,Rutschman,Adley,3166,51,0.016108654,34,0.666666667,1472,26,0.017663043,16,0.615384615,1694,25,0.014757969,18,0.72,2232,31,0.013888889,23,0.741935484,751,17,0.022636485,8,0.470588235,1124,15,0.013345196,11,0.733333333,1030,15,0.014563107,11,0.733333333,94,0,0,0,,1094,12,0.010968921,7,0.583333333,772,8,0.010362694,5,0.625,266,4,0.015037594,2,0.5,915,22,0.024043716,15,0.681818182,430,8,0.018604651,7,0.875,358,11,0.030726257,5,0.454545455,33,2,0.060606061,1,0.5,0,0,,0,0,33,2,0.060606061,1,0.5,1666,29,0.017406963,20,0.689655172,987,15,0.015197568,9,0.6,513,7,0.013645224,5,0.714285714
669087,Huff,Samuel,345,3,0.008695652,1,0.333333333,158,1,0.006329114,0,0,187,2,0.010695187,1,0.5,176,2,0.011363636,0,0,146,1,0.006849315,1,1,119,1,0.008403361,0,0,94,1,0.010638298,0,0,25,0,0,0,,103,0,0,0,,44,0,0,0,,53,0,0,0,,96,2,0.020833333,1,0.5,23,1,0.043478261,0,0,56,1,0.017857143,1,1,27,0,0,0,,15,0,0,0,,12,0,0,0,,166,1,0.006024096,1,1,121,2,0.016528926,0,0,58,0,0,0,
669127,Langeliers,Shea,3762,86,0.022860181,52,0.604651163,1930,39,0.020207254,24,0.615384615,1832,47,0.025655022,28,0.595744681,2559,51,0.01992966,31,0.607843137,986,27,0.027383367,18,0.666666667,1452,26,0.017906336,17,0.653846154,1358,24,0.017673049,16,0.666666667,87,2,0.022988506,1,0.5,1193,23,0.019279128,13,0.565217391,750,12,0.016,6,0.5,422,10,0.023696682,7,0.7,1053,34,0.032288699,21,0.617647059,447,14,0.031319911,9,0.642857143,424,14,0.033018868,10,0.714285714,64,3,0.046875,1,0.333333333,4,1,0.25,0,0,53,1,0.018867925,0,0,2027,59,0.029107055,38,0.644067797,1198,21,0.017529215,8,0.380952381,537,6,0.011173184,6,1
669134,Campusano,Luis,2061,69,0.033478894,39,0.565217391,919,31,0.033732318,19,0.612903226,1142,38,0.033274956,20,0.526315789,1368,47,0.034356725,27,0.574468085,574,18,0.031358885,10,0.555555556,841,23,0.027348395,14,0.608695652,719,19,0.026425591,11,0.578947368,122,4,0.032786885,3,0.75,668,25,0.03742515,17,0.68,423,20,0.047281324,14,0.7,222,5,0.022522523,3,0.6,511,18,0.035225049,7,0.388888889,226,8,0.03539823,2,0.25,194,6,0.030927835,3,0.5,41,3,0.073170732,1,0.333333333,0,0,,0,0,36,3,0.083333333,1,0.333333333,998,38,0.038076152,24,0.631578947,550,20,0.036363636,11,0.55,513,11,0.021442495,4,0.363636364
669221,Murphy,Sean,797,30,0.037641154,19,0.633333333,313,10,0.031948882,6,0.6,484,20,0.041322314,13,0.65,561,20,0.035650624,15,0.75,207,7,0.033816425,3,0.428571429,268,8,0.029850746,6,0.75,255,8,0.031372549,6,0.75,13,0,0,0,,271,11,0.040590406,10,0.909090909,217,9,0.041474654,8,0.888888889,54,2,0.037037037,2,1,248,11,0.044354839,3,0.272727273,86,3,0.034883721,1,0.333333333,133,5,0.037593985,1,0.2,10,0,0,0,,3,0,0,0,,7,0,0,0,,454,20,0.044052863,12,0.6,181,6,0.033149171,4,0.666666667,162,4,0.024691358,3,0.75
669224,Wells,Austin,4236,108,0.025495751,67,0.62037037,1991,44,0.022099448,27,0.613636364,2245,64,0.028507795,40,0.625,2810,70,0.024911032,47,0.671428571,1138,35,0.030755712,20,0.571428571,1538,29,0.018855657,19,0.655172414,1342,25,0.018628912,16,0.64,186,4,0.021505376,3,0.75,1512,35,0.023148148,25,0.714285714,996,24,0.024096386,18,0.75,445,10,0.02247191,7,0.7,1161,42,0.036175711,21,0.5,472,21,0.044491525,13,0.619047619,482,19,0.039419087,8,0.421052632,25,2,0.08,2,1,0,0,,0,0,25,2,0.08,2,1,2355,81,0.034394904,50,0.617283951,1086,17,0.015653775,11,0.647058824,795,10,0.012578616,6,0.6
669257,Smith,William,2141,47,0.021952359,31,0.659574468,984,18,0.018292683,13,0.722222222,1157,29,0.025064823,18,0.620689655,1548,32,0.020671835,22,0.6875,443,11,0.0248307,7,0.636363636,728,13,0.017857143,9,0.692307692,665,12,0.018045113,9,0.75,63,1,0.015873016,0,0,733,16,0.021828104,12,0.75,516,13,0.025193798,10,0.769230769,193,3,0.015544041,2,0.666666667,680,18,0.026470588,10,0.555555556,367,7,0.019073569,3,0.428571429,187,7,0.037433155,5,0.714285714,0,0,,0,,0,0,,0,,0,0,,0,,1022,21,0.020547945,14,0.666666667,801,22,0.027465668,14,0.636363636,318,4,0.012578616,3,0.75
671056,Herrera,Ivan,2571,50,0.019447686,31,0.62,1230,28,0.022764228,16,0.571428571,1341,22,0.016405667,15,0.681818182,1829,34,0.018589393,24,0.705882353,607,12,0.019769357,6,0.5,842,14,0.016627078,12,0.857142857,776,14,0.018041237,12,0.857142857,66,0,0,0,,910,11,0.012087912,6,0.545454545,638,7,0.010971787,4,0.571428571,246,4,0.016260163,2,0.5,813,25,0.030750308,13,0.52,409,13,0.031784841,8,0.615384615,295,8,0.027118644,4,0.5,6,0,0,0,,6,0,0,0,,0,0,,0,,1125,27,0.024,16,0.592592593,1080,15,0.013888889,11,0.733333333,366,8,0.021857923,4,0.5
672275,Bailey,Patrick,3912,109,0.027862986,62,0.568807339,1832,51,0.027838428,32,0.62745098,2080,58,0.027884615,30,0.517241379,2706,67,0.024759793,40,0.597014925,1000,35,0.035,16,0.457142857,1417,35,0.024700071,21,0.6,1296,32,0.024691358,20,0.625,121,3,0.024793388,1,0.333333333,1281,25,0.019516003,14,0.56,828,16,0.019323671,8,0.5,396,7,0.017676768,5,0.714285714,1168,45,0.038527397,24,0.533333333,565,18,0.031858407,11,0.611111111,455,22,0.048351648,8,0.363636364,46,4,0.086956522,3,0.75,17,1,0.058823529,1,0.25,28,3,0.107142857,2,0.5,2071,79,0.038145823,44,0.556962025,1249,21,0.016813451,13,0.619047619,592,9,0.015202703,5,0.555555556
672386,Kirk,Alejandro,2680,80,0.029850746,49,0.6125,1269,43,0.033884949,22,0.511627907,1411,37,0.026222537,27,0.72972973,1802,54,0.029966704,32,0.592592593,713,20,0.028050491,12,0.6,1019,24,0.023552502,13,0.541666667,901,22,0.024417314,12,0.545454545,106,2,0.018867925,1,0.5,916,28,0.030567686,18,0.642857143,624,19,0.030448718,11,0.578947368,248,7,0.028225806,6,0.857142857,710,28,0.03943662,18,0.642857143,272,13,0.047794118,9,0.692307692,329,11,0.03343465,5,0.454545455,35,0,0,0,,5,0,0,0,,30,0,0,0,,1142,40,0.03502627,24,0.6,1060,31,0.029245283,20,0.64516129,478,9,0.018828452,5,0.555555556
672515,Moreno,Gabriel,3963,72,0.018168055,45,0.625,1859,36,0.01936525,22,0.611111111,2104,36,0.017110266,23,0.638888889,3119,51,0.016351395,29,0.568627451,713,19,0.026647966,14,0.736842105,1451,27,0.018607857,18,0.666666667,1372,26,0.018950437,17,0.653846154,79,1,0.012658228,1,1,1314,22,0.01674277,11,0.5,1029,13,0.012633625,3,0.230769231,266,8,0.030075188,7,0.875,1171,22,0.018787361,16,0.727272727,716,11,0.015363128,9,0.818181818,343,10,0.029154519,6,0.6,27,1,0.037037037,0,0,2,1,0.5,0,0,25,0,0,0,0,1993,50,0.025087807,28,0.56,1211,16,0.013212221,12,0.75,759,6,0.007905138,5,0.833333333
672613,Alfonzo,Eliezer,378,4,0.010582011,2,0.5,161,2,0.01242236,2,1,217,2,0.00921659,0,0,310,3,0.009677419,2,0.666666667,62,1,0.016129032,0,0,145,0,0,0,,134,0,0,0,,11,0,0,0,,160,2,0.0125,1,0.5,135,2,0.014814815,1,0.5,25,0,0,0,,73,2,0.02739726,1,0.5,41,1,0.024390244,1,1,26,1,0.038461538,0,0,0,0,,0,,0,0,,0,,0,0,,0,,190,2,0.010526316,1,0.5,132,0,0,0,,56,2,0.035714286,1,0.5
673237,Diaz,Yainer,3142,77,0.024506684,45,0.584415584,1625,37,0.022769231,18,0.486486486,1517,40,0.026367831,27,0.675,2029,45,0.022178413,26,0.577777778,853,22,0.025791325,14,0.636363636,1195,33,0.027615063,21,0.636363636,1085,28,0.025806452,17,0.607142857,78,4,0.051282051,3,0.75,1123,20,0.017809439,11,0.55,695,13,0.018705036,7,0.538461538,353,5,0.014164306,4,0.8,776,22,0.028350515,12,0.545454545,238,3,0.012605042,2,0.666666667,385,12,0.031168831,6,0.5,48,2,0.041666667,1,0.5,11,1,0.090909091,0,0,37,1,0.027027027,1,0.5,1566,41,0.026181354,23,0.56097561,1129,23,0.020372011,13,0.565217391,447,13,0.029082774,9,0.692307692
676439,Feduccia,Hunter,2753,57,0.020704686,32,0.561403509,1464,31,0.021174863,16,0.516129032,1289,26,0.020170675,16,0.615384615,2028,40,0.019723866,23,0.575,572,14,0.024475524,8,0.571428571,1064,20,0.018796992,16,0.8,1000,16,0.016,13,0.8125,58,3,0.051724138,3,1,964,21,0.021784232,10,0.476190476,681,17,0.024963289,9,0.529411765,243,4,0.016460905,1,0.25,693,14,0.02020202,5,0.357142857,336,6,0.017857143,1,0.166666667,250,6,0.024,3,0.5,32,2,0.0625,1,0.5,11,1,0.090909091,0,0,21,1,0.047619048,1,0.5,1379,35,0.025380711,18,0.514285714,734,13,0.017711172,8,0.615384615,640,9,0.0140625,6,0.666666667
678218,Valenzuela,Brandon,3051,52,0.017043592,22,0.423076923,1406,30,0.021337127,12,0.4,1645,22,0.01337386,10,0.454545455,2283,34,0.014892685,15,0.441176471,629,16,0.025437202,7,0.4375,1130,16,0.014159292,8,0.5,1037,14,0.013500482,7,0.5,93,2,0.021505376,1,0.5,1013,15,0.014807502,3,0.2,798,9,0.011278195,1,0.111111111,179,6,0.033519553,2,0.333333333,861,21,0.024390244,11,0.523809524,447,11,0.024608501,7,0.636363636,311,8,0.025723473,4,0.5,47,0,0,0,,1,0,0,0,,46,0,0,0,,1271,32,0.025177026,16,0.5,1096,11,0.010036496,3,0.272727273,684,9,0.013157895,3,0.333333333
680664,Valencia,Eduardo,398,7,0.01758794,3,0.428571429,236,5,0.021186441,2,0.4,162,2,0.012345679,1,0.5,256,3,0.01171875,2,0.666666667,111,3,0.027027027,1,0.333333333,152,0,0,0,,119,0,0,0,,33,0,0,0,,147,5,0.034013605,3,0.6,91,3,0.032967033,2,0.666666667,47,2,0.042553191,1,0.5,99,2,0.02020202,0,0,46,0,0,0,,31,1,0.032258065,0,0,0,0,,0,,0,0,,0,,0,0,,0,,208,4,0.019230769,2,0.5,107,3,0.028037383,1,0.333333333,83,0,0,0,
680728,Del Castillo,Adrian,739,10,0.0135318,9,0.9,357,7,0.019607843,7,1,382,3,0.007853403,2,0.666666667,515,6,0.011650485,6,1,167,2,0.011976048,1,0.5,260,0,0,0,,230,0,0,0,,30,0,0,0,,271,4,0.014760148,4,1,177,2,0.011299435,2,1,67,1,0.014925373,1,1,205,6,0.029268293,5,0.833333333,108,4,0.037037037,4,1,67,1,0.014925373,0,0,3,0,0,0,,0,0,,0,,3,0,0,0,,345,3,0.008695652,3,1,235,5,0.021276596,4,0.8,159,2,0.012578616,2,1
680777,Jeffers,Ryan,2873,77,0.026801253,45,0.584415584,1415,43,0.030388693,26,0.604651163,1458,34,0.023319616,19,0.558823529,1975,48,0.024303797,30,0.625,808,26,0.032178218,14,0.538461538,1007,16,0.015888779,12,0.75,936,15,0.016025641,12,0.8,71,1,0.014084507,0,0,1019,29,0.028459274,14,0.482758621,716,18,0.025139665,9,0.5,297,11,0.037037037,5,0.454545455,810,31,0.038271605,18,0.580645161,317,14,0.044164038,8,0.571428571,409,14,0.034229829,9,0.642857143,37,1,0.027027027,1,1,6,1,0.166666667,1,1,31,0,0,0,0,1426,41,0.028751753,23,0.56097561,852,25,0.029342723,15,0.6,595,11,0.018487395,7,0.636363636
680779,Davis,Henry,3631,84,0.023134123,45,0.535714286,1665,41,0.024624625,24,0.585365854,1966,43,0.021871821,21,0.488372093,2300,43,0.018695652,25,0.581395349,997,27,0.027081244,13,0.481481481,1220,25,0.020491803,17,0.68,1017,21,0.020648968,15,0.714285714,200,4,0.02,2,0.5,1389,29,0.02087833,17,0.586206897,851,12,0.014101058,6,0.5,408,11,0.026960784,7,0.636363636,953,26,0.027282267,9,0.346153846,415,9,0.021686747,3,0.333333333,349,9,0.025787966,3,0.333333333,69,4,0.057971014,2,0.5,17,1,0.058823529,1,0.25,40,3,0.075,1,0.25,1765,37,0.020963173,22,0.594594595,1246,36,0.028892456,19,0.527777778,620,11,0.017741935,4,0.363636364
681351,O'Hoppe,Logan,3446,86,0.024956471,51,0.593023256,1767,39,0.022071307,23,0.58974359,1679,47,0.027992853,28,0.595744681,2370,60,0.025316456,34,0.566666667,794,21,0.026448363,15,0.714285714,1332,31,0.023273273,24,0.774193548,1227,27,0.02200489,21,0.777777778,104,4,0.038461538,3,0.75,1154,32,0.027729636,17,0.53125,708,21,0.029661017,10,0.476190476,338,9,0.026627219,7,0.777777778,917,22,0.023991276,10,0.454545455,426,11,0.025821596,3,0.272727273,325,8,0.024615385,5,0.625,43,1,0.023255814,0,0,9,1,0.111111111,0,0,27,0,0,0,0,1705,54,0.031671554,31,0.574074074,967,17,0.017580145,12,0.705882353,774,15,0.019379845,8,0.533333333
681508,Gasper,Michael,480,10,0.020833333,7,0.7,195,6,0.030769231,5,0.833333333,285,4,0.014035088,2,0.5,342,8,0.023391813,6,0.75,138,2,0.014492754,1,0.5,181,1,0.005524862,1,1,163,1,0.006134969,1,1,18,0,0,0,,161,7,0.043478261,5,0.714285714,133,6,0.045112782,4,0.666666667,28,1,0.035714286,1,1,138,2,0.014492754,1,0.5,46,1,0.02173913,1,1,92,1,0.010869565,0,0,0,0,,0,,0,0,,0,,0,0,,0,,332,10,0.030120482,7,0.7,100,0,0,0,,48,0,0,0,
681807,Fry,David,165,2,0.012121212,0,0,129,2,0.015503876,0,0,36,0,0,0,,80,0,0,0,,43,1,0.023255814,0,0,66,0,0,0,,53,0,0,0,,5,0,0,0,,40,1,0.025,0,0,21,0,0,0,,0,0,,0,,44,1,0.022727273,0,0,6,0,0,0,,23,1,0.043478261,0,0,15,0,0,0,,0,0,,0,,15,0,0,0,,83,2,0.024096386,0,0,53,0,0,0,,29,0,0,0,
682515,Porter,Logan,100,2,0.02,2,1,52,1,0.019230769,1,1,48,1,0.020833333,1,1,92,2,0.02173913,2,1,8,0,0,0,,48,2,0.041666667,2,1,48,2,0.041666667,2,1,0,0,,0,,29,0,0,0,,29,0,0,0,,0,0,,0,,23,0,0,0,,15,0,0,0,,8,0,0,0,,0,0,,0,,0,0,,0,,0,0,,0,,60,2,0.033333333,2,1,14,0,0,0,,26,0,0,0,
682626,Alvarez,Francisco,3329,71,0.021327726,36,0.507042254,1602,41,0.025593009,18,0.43902439,1727,30,0.017371164,18,0.6,2348,48,0.02044293,25,0.520833333,862,18,0.020881671,8,0.444444444,1258,23,0.018282989,13,0.565217391,1133,19,0.016769638,12,0.631578947,125,4,0.032,1,0.25,1218,23,0.018883415,12,0.52173913,805,15,0.01863354,8,0.533333333,373,6,0.016085791,2,0.333333333,809,25,0.030902349,11,0.44,404,14,0.034653465,5,0.357142857,326,8,0.024539877,5,0.625,44,0,0,0,,6,0,0,0,,38,0,0,0,,1899,51,0.02685624,29,0.568627451,919,11,0.011969532,3,0.272727273,511,9,0.017612524,4,0.444444444
682663,Ramírez,Agustín,929,36,0.038751346,25,0.694444444,395,14,0.035443038,10,0.714285714,534,22,0.041198502,15,0.681818182,659,27,0.040971168,17,0.62962963,193,8,0.041450777,7,0.875,306,8,0.026143791,5,0.625,277,7,0.025270758,4,0.571428571,29,1,0.034482759,1,1,303,18,0.059405941,12,0.666666667,236,15,0.063559322,9,0.6,48,3,0.0625,3,1,297,10,0.033670034,8,0.8,146,5,0.034246575,4,0.8,93,4,0.043010753,3,0.75,23,0,0,0,,0,0,,0,,23,0,0,0,,361,21,0.058171745,14,0.666666667,391,11,0.028132992,8,0.727272727,177,4,0.02259887,3,0.75
682848,Rodríguez,Endy,1522,22,0.014454665,9,0.409090909,923,13,0.014084507,8,0.615384615,599,9,0.015025042,1,0.111111111,978,15,0.015337423,6,0.4,454,7,0.015418502,3,0.428571429,573,3,0.005235602,1,0.333333333,473,3,0.006342495,1,0.333333333,96,0,0,0,,489,9,0.018404908,5,0.555555556,323,8,0.024767802,4,0.5,125,1,0.008,1,1,430,9,0.020930233,3,0.333333333,168,4,0.023809524,1,0.25,217,5,0.023041475,2,0.4,30,1,0.033333333,0,0,14,0,0,0,0,16,1,0.0625,0,0,716,12,0.016759777,5,0.416666667,637,7,0.010989011,3,0.428571429,169,3,0.017751479,1,0.333333333
683679,Rodriguez,Jesus,488,8,0.016393443,3,0.375,194,2,0.010309278,1,0.5,294,6,0.020408163,2,0.333333333,378,4,0.010582011,2,0.5,83,2,0.024096386,1,0.5,172,2,0.011627907,1,0.5,163,2,0.012269939,1,0.5,9,0,0,0,,203,3,0.014778325,2,0.666666667,165,1,0.006060606,1,1,30,1,0.033333333,1,1,95,2,0.021052632,0,0,50,1,0.02,0,0,26,0,0,0,,18,1,0.055555556,0,0,0,0,,0,0,18,1,0.055555556,0,0,267,7,0.026217228,2,0.285714286,131,0,0,0,,90,1,0.011111111,1,1
686452,Millas,Andrew,2098,51,0.024308866,22,0.431372549,1038,27,0.026011561,12,0.444444444,1060,24,0.022641509,10,0.416666667,1265,25,0.019762846,12,0.48,674,24,0.035608309,10,0.416666667,706,9,0.012747875,4,0.444444444,632,9,0.014240506,4,0.444444444,60,0,0,0,,714,17,0.023809524,8,0.470588235,436,10,0.02293578,4,0.4,239,7,0.029288703,4,0.571428571,625,22,0.0352,9,0.409090909,195,5,0.025641026,4,0.8,327,15,0.04587156,5,0.333333333,53,3,0.056603774,1,0.333333333,2,1,0.5,0,0,48,2,0.041666667,1,0.333333333,991,24,0.024217962,9,0.375,861,21,0.024390244,10,0.476190476,246,6,0.024390244,3,0.5
686780,Pagés,Pedro,2980,49,0.016442953,30,0.612244898,1411,24,0.017009213,17,0.708333333,1569,25,0.015933716,13,0.52,1940,30,0.015463918,20,0.666666667,882,14,0.015873016,8,0.571428571,953,8,0.008394544,5,0.625,862,8,0.009280742,5,0.625,84,0,0,0,,1066,19,0.01782364,15,0.789473684,699,11,0.015736767,9,0.818181818,325,6,0.018461538,5,0.833333333,906,22,0.024282561,10,0.454545455,365,11,0.030136986,6,0.545454545,432,8,0.018518519,3,0.375,55,0,0,0,,14,0,0,0,,41,0,0,0,,1392,35,0.025143678,20,0.571428571,1170,12,0.01025641,8,0.666666667,418,2,0.004784689,2,1
686948,Baldwin,Drake,3212,49,0.015255293,33,0.673469388,1372,21,0.015306122,18,0.857142857,1840,28,0.015217391,15,0.535714286,2096,30,0.014312977,21,0.7,879,16,0.018202503,10,0.625,1146,14,0.012216405,10,0.714285714,1011,14,0.013847676,10,0.714285714,130,0,0,0,,1125,16,0.014222222,11,0.6875,700,9,0.012857143,6,0.666666667,358,6,0.016759777,4,0.666666667,903,17,0.018826135,11,0.647058824,381,6,0.015748031,4,0.666666667,363,10,0.027548209,6,0.6,38,2,0.052631579,1,0.5,4,1,0.25,1,0.5,28,0,0,0,0,1681,33,0.019631172,26,0.787878788,1027,12,0.011684518,7,0.583333333,504,4,0.007936508,0,0
687221,Rushing,Dalton,2487,40,0.016083635,22,0.55,1298,19,0.014637904,13,0.684210526,1189,21,0.017661901,9,0.428571429,1648,27,0.016383495,14,0.518518519,659,10,0.015174507,6,0.6,933,15,0.01607717,9,0.6,865,14,0.016184971,8,0.571428571,68,1,0.014705882,1,1,799,13,0.016270338,6,0.461538462,503,9,0.017892644,4,0.444444444,245,4,0.016326531,2,0.5,742,12,0.016172507,7,0.583333333,267,4,0.014981273,2,0.5,346,5,0.014450867,3,0.6,13,0,0,0,,13,0,0,0,,0,0,,0,,1173,19,0.016197783,13,0.684210526,877,14,0.015963512,7,0.5,437,7,0.016018307,2,0.285714286
689414,Hicks,Liam,2095,68,0.032458234,38,0.558823529,1140,38,0.033333333,20,0.526315789,955,30,0.031413613,18,0.6,1437,45,0.03131524,26,0.577777778,430,13,0.030232558,8,0.615384615,849,19,0.02237927,13,0.684210526,699,14,0.020028612,9,0.642857143,150,5,0.033333333,4,0.8,763,27,0.035386632,16,0.592592593,512,18,0.03515625,11,0.611111111,161,6,0.037267081,3,0.5,469,22,0.046908316,9,0.409090909,226,13,0.057522124,6,0.461538462,105,2,0.019047619,1,0.5,14,0,0,0,,0,0,,0,,14,0,0,0,,1011,33,0.03264095,20,0.606060606,685,25,0.03649635,10,0.4,399,10,0.025062657,8,0.8
690924,Fulford,Braxton,514,8,0.015564202,5,0.625,262,6,0.022900763,4,0.666666667,252,2,0.007936508,1,0.5,352,7,0.019886364,4,0.571428571,117,1,0.008547009,1,1,182,1,0.005494505,0,0,171,1,0.005847953,0,0,11,0,0,0,,193,4,0.020725389,2,0.5,117,3,0.025641026,1,0.333333333,71,1,0.014084507,1,1,139,3,0.021582734,3,1,64,3,0.046875,3,1,35,0,0,0,,0,0,,0,,0,0,,0,,0,0,,0,,260,4,0.015384615,3,0.75,147,3,0.020408163,1,0.333333333,107,1,0.009345794,1,1
691011,Romo,Drew,2527,88,0.034823902,43,0.488636364,1136,38,0.033450704,14,0.368421053,1391,50,0.035945363,29,0.58,1819,59,0.032435404,32,0.542372881,645,25,0.03875969,10,0.4,945,29,0.030687831,18,0.620689655,854,26,0.030444965,15,0.576923077,91,3,0.032967033,3,1,966,32,0.033126294,14,0.4375,667,21,0.031484258,10,0.476190476,294,10,0.034013605,3,0.3,563,25,0.044404973,9,0.36,273,11,0.04029304,6,0.545454545,241,11,0.045643154,3,0.272727273,53,2,0.037735849,2,1,25,1,0.04,1,0.5,19,1,0.052631579,1,0.5,1336,55,0.041167665,25,0.454545455,864,29,0.033564815,17,0.586206897,327,4,0.012232416,1,0.25
691019,Teel,Kyle,708,27,0.038135593,15,0.555555556,381,17,0.044619423,10,0.588235294,327,10,0.03058104,5,0.5,304,15,0.049342105,9,0.6,336,10,0.029761905,5,0.5,282,10,0.035460993,5,0.5,193,8,0.041450777,5,0.625,67,2,0.029850746,0,0,239,6,0.025104603,2,0.333333333,82,4,0.048780488,1,0.25,133,1,0.007518797,1,1,182,11,0.06043956,8,0.727272727,29,3,0.103448276,3,1,131,7,0.053435115,4,0.571428571,5,0,0,0,,0,0,,0,,5,0,0,0,,369,17,0.046070461,10,0.588235294,251,7,0.027888446,3,0.428571429,88,3,0.034090909,2,0.666666667
691620,Quero,Jeferson,54,2,0.037037037,2,1,0,0,,0,,54,2,0.037037037,2,1,33,1,0.03030303,1,1,21,1,0.047619048,1,1,37,1,0.027027027,1,1,33,1,0.03030303,1,1,4,0,0,0,,17,1,0.058823529,1,1,0,0,,0,,17,1,0.058823529,1,1,0,0,,0,,0,0,,0,,0,0,,0,,0,0,,0,,0,0,,0,,0,0,,0,,34,1,0.029411765,1,1,16,1,0.0625,1,1,4,0,0,0,
691740,Susac,Daniel,2010,45,0.02238806,23,0.511111111,1123,24,0.021371327,12,0.5,887,21,0.02367531,11,0.523809524,1531,33,0.02155454,17,0.515151515,419,9,0.021479714,5,0.555555556,741,15,0.020242915,10,0.666666667,688,15,0.021802326,10,0.666666667,53,0,0,0,,658,12,0.018237082,7,0.583333333,492,9,0.018292683,6,0.666666667,154,3,0.019480519,1,0.333333333,604,17,0.028145695,5,0.294117647,348,9,0.025862069,1,0.111111111,208,5,0.024038462,3,0.6,7,1,0.142857143,1,1,3,0,0,0,0,4,1,0.25,1,1,1100,35,0.031818182,17,0.485714286,585,6,0.01025641,3,0.5,325,4,0.012307692,3,0.75
691788,Mack,Joseph,3432,97,0.028263403,61,0.628865979,1650,49,0.02969697,36,0.734693878,1782,48,0.026936027,25,0.520833333,2285,59,0.025820569,37,0.627118644,941,31,0.032943677,20,0.64516129,1272,35,0.027515723,24,0.685714286,1147,33,0.028770706,23,0.696969697,125,2,0.016,1,0.5,1108,25,0.022563177,18,0.72,716,13,0.018156425,8,0.615384615,350,9,0.025714286,7,0.777777778,1029,35,0.034013605,18,0.514285714,414,12,0.028985507,6,0.5,463,20,0.043196544,12,0.6,23,2,0.086956522,1,0.5,8,1,0.125,0,0,3,0,0,0,0,1580,50,0.03164557,29,0.58,1339,38,0.028379388,26,0.684210526,513,9,0.01754386,6,0.666666667
693307,Dingler,Francis,4741,97,0.020459819,64,0.659793814,2212,50,0.022603978,32,0.64,2529,47,0.018584421,32,0.680851064,2990,64,0.021404682,43,0.671875,1361,22,0.016164585,14,0.636363636,1597,29,0.018159048,22,0.75862069,1376,26,0.018895349,19,0.730769231,219,3,0.01369863,3,1,1595,37,0.023197492,23,0.621621622,966,25,0.025879917,14,0.56,542,9,0.016605166,7,0.777777778,1509,31,0.020543406,19,0.612903226,641,13,0.020280811,10,0.769230769,572,10,0.017482517,4,0.4,40,0,0,0,,7,0,0,0,,28,0,0,0,,2464,73,0.029626623,48,0.657534247,1381,16,0.011585807,10,0.625,896,8,0.008928571,6,0.75
694208,Ballesteros,Moisés,587,18,0.030664395,12,0.666666667,324,8,0.024691358,6,0.75,263,10,0.038022814,6,0.6,451,13,0.028824834,8,0.615384615,124,5,0.040322581,4,0.8,232,6,0.025862069,3,0.5,195,5,0.025641026,2,0.4,37,1,0.027027027,1,1,204,8,0.039215686,6,0.75,145,5,0.034482759,4,0.8,55,3,0.054545455,2,0.666666667,147,4,0.027210884,3,0.75,107,3,0.028037383,2,0.666666667,32,1,0.03125,1,1,4,0,0,0,,4,0,0,0,,0,0,,0,,315,9,0.028571429,7,0.777777778,146,7,0.047945205,4,0.571428571,126,2,0.015873016,1,0.5
694212,Basallo,Samuel,2406,47,0.019534497,23,0.489361702,1360,23,0.016911765,13,0.565217391,1046,24,0.022944551,10,0.416666667,1661,29,0.017459362,13,0.448275862,713,18,0.025245442,10,0.555555556,890,15,0.016853933,8,0.533333333,769,12,0.015604681,6,0.5,121,3,0.024793388,2,0.666666667,823,12,0.014580802,4,0.333333333,586,8,0.013651877,3,0.375,237,4,0.016877637,1,0.25,676,20,0.029585799,11,0.55,302,9,0.029801325,4,0.444444444,342,11,0.032163743,7,0.636363636,17,0,0,0,,4,0,0,0,,13,0,0,0,,1332,29,0.021771772,16,0.551724138,732,11,0.015027322,3,0.272727273,342,7,0.020467836,4,0.571428571
695600,Jensen,Carter,3934,72,0.018301983,34,0.472222222,2020,30,0.014851485,14,0.466666667,1914,42,0.021943574,20,0.476190476,2368,34,0.014358108,17,0.5,1348,32,0.023738872,15,0.46875,1363,17,0.012472487,10,0.588235294,1141,13,0.011393514,8,0.615384615,209,4,0.019138756,2,0.5,1303,21,0.016116654,12,0.571428571,789,13,0.016476553,7,0.538461538,483,8,0.016563147,5,0.625,1242,34,0.027375201,12,0.352941176,438,8,0.01826484,2,0.25,630,20,0.031746032,8,0.4,26,0,0,0,,0,0,,0,,26,0,0,0,,2063,46,0.022297625,22,0.47826087,1250,17,0.0136,7,0.411764706,621,9,0.014492754,5,0.555555556
695670,Ford,Harrison,1070,22,0.020560748,12,0.545454545,448,10,0.022321429,4,0.4,622,12,0.019292605,8,0.666666667,667,14,0.020989505,9,0.642857143,253,2,0.007905138,1,0.5,370,7,0.018918919,4,0.571428571,308,6,0.019480519,4,0.666666667,62,1,0.016129032,0,0,357,5,0.014005602,4,0.8,225,3,0.013333333,2,0.666666667,100,1,0.01,1,1,334,9,0.026946108,4,0.444444444,134,5,0.037313433,3,0.6,85,0,0,0,,9,1,0.111111111,0,0,0,0,,0,0,6,0,0,0,0,468,10,0.021367521,6,0.6,434,12,0.02764977,6,0.5,168,0,0,0,
696100,Goodman,Hunter,3902,95,0.024346489,63,0.663157895,2088,42,0.020114943,28,0.666666667,1814,53,0.0292172,35,0.660377358,2859,55,0.019237496,40,0.727272727,792,29,0.036616162,16,0.551724138,1553,35,0.022537025,24,0.685714286,1394,26,0.018651363,19,0.730769231,138,9,0.065217391,5,0.555555556,1314,25,0.019025875,17,0.68,908,16,0.017621145,13,0.8125,326,6,0.018404908,2,0.333333333,986,35,0.035496957,22,0.628571429,528,13,0.024621212,8,0.615384615,308,14,0.045454545,9,0.642857143,49,0,0,0,,29,0,0,0,,20,0,0,0,,1906,57,0.029905561,39,0.684210526,1302,24,0.01843318,15,0.625,694,14,0.020172911,9,0.642857143
699625,Crooks,James,1804,17,0.009423503,4,0.235294118,808,7,0.008663366,0,0,996,10,0.010040161,4,0.4,1122,12,0.010695187,3,0.25,574,4,0.006968641,1,0.25,619,5,0.008077544,1,0.2,521,5,0.009596929,1,0.2,98,0,0,0,,601,3,0.004991681,2,0.666666667,361,1,0.002770083,1,1,213,2,0.009389671,1,0.5,576,9,0.015625,1,0.111111111,240,6,0.025,1,0.166666667,255,2,0.007843137,0,0,8,0,0,0,,0,0,,0,,8,0,0,0,,816,8,0.009803922,3,0.375,699,8,0.011444921,1,0.125,289,1,0.003460208,0,0
700337,Quero,Edgar,2319,93,0.040103493,46,0.494623656,1059,45,0.042492918,21,0.466666667,1260,48,0.038095238,25,0.520833333,1619,58,0.035824583,31,0.534482759,639,29,0.045383412,14,0.482758621,954,29,0.030398323,19,0.655172414,839,24,0.028605483,16,0.666666667,115,5,0.043478261,3,0.6,792,26,0.032828283,13,0.5,519,15,0.028901734,7,0.466666667,273,11,0.04029304,6,0.545454545,522,36,0.068965517,14,0.388888889,259,18,0.069498069,8,0.444444444,213,12,0.056338028,5,0.416666667,51,2,0.039215686,0,0,2,1,0.5,0,0,38,1,0.026315789,0,0,1272,61,0.047955975,31,0.508196721,740,25,0.033783784,13,0.52,307,7,0.022801303,2,0.285714286
700652,Piper,Kenneth,140,4,0.028571429,2,0.5,111,3,0.027027027,2,0.666666667,29,1,0.034482759,0,0,96,2,0.020833333,2,1,35,2,0.057142857,0,0,28,0,0,0,,28,0,0,0,,0,0,,0,,37,1,0.027027027,1,1,37,1,0.027027027,1,1,0,0,,0,,73,3,0.04109589,1,0.333333333,29,1,0.034482759,1,1,35,2,0.057142857,0,0,2,0,0,0,,2,0,0,0,,0,0,,0,,54,2,0.037037037,0,0,36,2,0.055555556,2,1,50,0,0,0,
701852,Cavanaugh,Drew,1529,31,0.020274689,15,0.483870968,599,16,0.026711185,9,0.5625,930,15,0.016129032,6,0.4,1075,18,0.016744186,7,0.388888889,383,10,0.026109661,6,0.6,573,13,0.022687609,8,0.615384615,536,11,0.020522388,6,0.545454545,37,2,0.054054054,2,1,522,9,0.017241379,4,0.444444444,377,5,0.013262599,1,0.2,128,3,0.0234375,2,0.666666667,405,8,0.019753086,3,0.375,162,2,0.012345679,0,0,190,4,0.021052632,2,0.5,29,1,0.034482759,0,0,0,0,,0,0,28,1,0.035714286,0,0,844,17,0.02014218,7,0.411764706,414,8,0.019323671,4,0.5,271,6,0.022140221,4,0.666666667
804668,Flores,Rafael,722,19,0.026315789,11,0.578947368,411,12,0.02919708,8,0.666666667,311,7,0.022508039,3,0.428571429,492,15,0.030487805,10,0.666666667,173,3,0.01734104,1,0.333333333,262,4,0.015267176,3,0.75,262,4,0.015267176,3,0.75,0,0,,0,,275,11,0.04,6,0.545454545,206,10,0.048543689,6,0.6,52,1,0.019230769,0,0,168,4,0.023809524,2,0.5,24,1,0.041666667,1,1,112,2,0.017857143,1,0.5,17,0,0,0,,0,0,,0,,9,0,0,0,,406,12,0.02955665,6,0.5,231,6,0.025974026,4,0.666666667,85,1,0.011764706,1,1
