id,firstName,lastName,primaryNumber,birthDate,height,weight,batSide,pitchHand
671096,Andrew,Abbott,41,6/1/1999,"6' 0""",192,L,L
690953,McLean,Abel,20,8/18/2001,"6' 5""",190,R,R
691769,Philip,Abner,,5/5/2002,"6' 1""",230,L,L
682928,Paul,Abrams,5,10/3/2000,"6' 0""",191,L,R
650556,Bryan,Abreu,52,4/22/1997,"6' 1""",230,R,R
677800,Wilyer,Abreu,52,6/24/1999,"5' 10""",215,L,L
670183,Garrett,Acton,50,6/15/1998,"6' 2""",215,L,R
682668,Luisangel,Acuña,0,3/12/2002,"5' 7""",181,R,R
660670,Ronald,Acuña,13,12/18/1997,"6' 0""",205,R,R
592094,Jason,Adam,40,8/4/1991,"6' 3""",229,R,R
642715,Willy,Adames,2,9/2/1995,"6' 0""",216,R,R
687060,Blake,Adams,57,9/11/2000,"6' 2""",215,R,R
690279,Mason,Adams,38,2/23/2000,"6' 1""",190,R,R
701519,Travis,Adams,45,1/19/2000,"6' 1""",197,R,R
666176,Jordon,Adell,7,4/8/1999,"6' 2""",215,R,R
688642,Zachary,Agnos,36,8/15/2000,"6' 0""",225,R,R
695239,Robert,Ahlstrom,54,6/18/1999,"6' 3""",195,L,L
669211,Keegan,Akin,45,4/1/1995,"6' 0""",235,L,L
645277,Ozhaino,Albies,1,1/7/1997,"5' 7""",165,S,R
682634,Kevin,Alcantara,13,7/12/2002,"6' 6""",188,R,R
645261,Sandy,Alcantara,22,9/7/1995,"6' 5""",200,R,R
691951,Samuel,Aldegheri,61,9/19/2001,"6' 1""",210,L,L
680916,Franco,Aleman,55,6/26/2000,"6' 6""",235,R,R
677942,Blaze,Alexander,23,6/11/1999,"5' 11""",200,R,R
669920,Jason,Alexander,54,3/1/1993,"6' 2""",227,R,R
641302,Tyler,Alexander,13,7/14/1994,"6' 1""",214,R,L
672613,Eliezer,Alfonzo,64,9/23/1999,"5' 10""",155,S,R
663465,Kolby,Allard,,8/13/1997,"6' 1""",195,L,L
671106,Logan,Allen,26,9/5/1998,"6' 0""",190,R,L
669397,Nicholas,Allen,20,10/8/1998,"5' 7""",166,R,R
624413,Peter,Alonso,25,12/7/1994,"6' 3""",245,R,R
514888,Jose,Altuve,27,5/6/1990,"5' 6""",167,R,R
665660,Elvis,Alvarado,37,2/23/1999,"6' 6""",253,R,R
621237,José,Alvarado,46,5/21/1995,"6' 2""",245,L,L
682626,Francisco,Alvarez,4,11/19/2001,"5' 10""",233,R,R
674841,Michael,Alvarez,54,6/13/1999,"6' 3""",215,L,L
670541,Yordan,Alvarez,44,6/27/1997,"6' 4""",237,L,R
691182,Adael,Amador,1,4/11/2003,"5' 11""",209,S,R
665804,Miguel,Amaya,9,3/9/1999,"6' 1""",230,R,R
623454,Andrew,Anderson,38,3/22/1994,"6' 3""",205,R,R
681982,Grant,Anderson,56,6/21/1997,"6' 0""",213,R,R
681252,Jack,Anderson,30,11/23/1999,"6' 3""",197,R,R
807739,Kade,Anderson,13,7/6/2004,"6' 2""",179,L,L
641312,Shaun,Anderson,64,10/29/1994,"6' 6""",228,R,R
681084,Tanner,Andrews,43,11/15/1995,"6' 3""",220,R,R
609280,Miguel,Andujar,41,3/2/1995,"6' 0""",211,R,R
701350,Roman,Anthony,19,5/13/2004,"6' 3""",200,L,R
803011,Samuel,Antonacci,17,2/6/2003,"5' 11""",193,L,R
622088,Tejay,Antone,70,12/5/1993,"6' 4""",230,R,R
666018,Jonathan,Aranda,8,5/23/1998,"6' 0""",215,L,R
606115,Orlando,Arcia,11,8/4/1994,"5' 11""",187,R,R
571448,Nolan,Arenado,28,4/16/1991,"6' 2""",215,R,R
672356,Gabriel,Arias,43,2/27/2000,"6' 1""",217,R,R
542888,Shawn,Armstrong,43,9/11/1990,"6' 2""",225,R,R
668227,Randy,Arozarena,56,2/28/1995,"5' 10""",185,R,R
650333,Luis,Arraez,4,4/9/1997,"5' 10""",186,L,R
681293,Spencer,Arrighetti,45,1/2/2000,"6' 2""",186,R,R
695490,Edwin,Arroyo,2,8/25/2003,"5' 11""",173,S,R
676879,Aaron,Ashby,26,5/24/1998,"6' 0""",194,R,L
677952,Braxton,Ashcraft,35,10/5/1999,"6' 5""",218,L,R
668933,Douglas,Ashcraft,23,2/11/1998,"6' 2""",248,L,R
665871,Javier,Assad,72,7/30/1997,"6' 1""",200,R,R
679883,Luinder,Avila,58,8/21/2001,"6' 3""",195,R,R
640492,José,Azócar,,5/11/1996,"5' 11""",181,R,R
669199,Lake,Bachar,71,6/3/1995,"6' 2""",219,R,R
696147,Samuel,Bachman,40,9/30/1999,"6' 1""",235,R,R
679775,Kyle,Backhus,19,1/31/1998,"6' 4""",185,L,L
664056,Harrison,Bader,9,6/3/1994,"5' 11""",219,R,R
678225,Jihwan,Bae,0,7/26/1999,"5' 11""",185,L,R
595879,Ednel,Báez,28,12/1/1992,"5' 11""",190,R,R
695491,Joshua,Báez,22,6/28/2003,"6' 3""",220,R,R
672275,Patrick,Bailey,16,5/29/1999,"6' 0""",223,S,R
641329,Bryan,Baker,47,12/2/1994,"6' 6""",235,R,R
663609,Luken,Baker,,3/10/1997,"6' 4""",285,R,R
686948,Drake,Baldwin,30,3/28/2001,"6' 0""",225,L,R
694208,Moisés,Ballesteros,13,11/8/2003,"5' 8""",195,L,R
607455,Frank,Banda,43,8/10/1993,"6' 2""",221,L,L
677943,William,Banfield,60,11/18/1999,"6' 0""",215,R,R
621383,Tanner,Banks,58,10/24/1991,"6' 1""",205,R,L
682995,Hunter,Barco,45,12/15/2000,"6' 4""",229,L,L
680718,Addison,Barger,47,11/12/1999,"5' 11""",210,L,R
605130,Scott,Barlow,58,12/18/1992,"6' 3""",210,R,R
656212,Charles,Barnes,,10/1/1995,"6' 2""",190,L,L
686930,Mason,Barnett,63,11/7/2000,"6' 0""",218,R,R
678489,Jorge,Barrosa,1,2/17/2001,"5' 6""",175,S,L
663698,Joseph,Bart,25,12/15/1996,"6' 2""",242,R,R
678545,Osleivis,Basabe,39,9/13/2000,"5' 11""",197,R,R
694212,Samuel,Basallo,29,8/13/2004,"6' 4""",250,L,R
605135,Christopher,Bassitt,40,2/22/1989,"6' 5""",220,R,R
669620,Brady,Basso,66,10/8/1997,"6' 2""",213,R,L
703520,Brett,Bateman,21,3/19/2002,"5' 10""",170,L,L
683146,Brett,Baty,7,11/13/1999,"6' 3""",210,L,R
641343,Jakob,Bauers,9,10/6/1995,"6' 0""",216,L,L
691945,Carter,Baumler,45,1/31/2002,"6' 2""",195,R,R
669358,Shane,Baz,34,6/17/1999,"6' 3""",200,R,R
660825,Eduard,Bazardo,83,9/1/1995,"6' 0""",190,R,R
683953,Travis,Bazzana,37,8/28/2002,"5' 11""",199,L,R
687637,Dylan,Beavers,12,8/11/2001,"6' 5""",220,L,R
694341,Brendan,Beck,89,10/6/1998,"6' 2""",218,R,R
687597,Jordan,Beck,27,4/19/2001,"6' 2""",227,R,R
663941,Tristan,Beck,43,6/24/1996,"6' 4""",200,R,R
670280,David,Bednar,53,10/10/1994,"6' 1""",250,L,R
656222,Jalen,Beeks,68,7/10/1993,"5' 11""",215,L,L
690925,Clayton,Beeter,39,10/9/1998,"6' 2""",220,R,R
605137,Joshua,Bell,56,8/14/1992,"6' 3""",261,S,R
641355,Cody,Bellinger,35,7/13/1995,"6' 3""",204,L,L
678394,Brayan,Bello,66,5/17/1999,"6' 1""",195,R,R
678368,Valente,Bellozo,56,1/4/2000,"5' 10""",221,R,R
669622,Anthony,Bender,37,2/3/1995,"6' 4""",205,R,R
701807,Carson,Benge,3,1/20/2003,"6' 1""",184,L,R
643217,Andrew,Benintendi,23,7/6/1994,"5' 9""",185,L,L
687562,William,Bennett,64,12/2/2000,"6' 6""",234,L,L
666181,William,Benson,30,6/16/1998,"6' 4""",230,L,L
682674,Victor,Bericoto,78,12/3/2001,"6' 1""",210,R,R
657514,Brennan,Bernardino,83,1/15/1992,"6' 4""",216,L,L
672642,Steward,Berroa,39,6/5/1999,"5' 9""",193,S,R
605141,Markus,Betts,50,10/7/1992,"5' 9""",180,R,R
676440,Tanner,Bibee,28,3/5/1999,"6' 2""",205,R,R
666182,Bo,Bichette,19,3/5/1998,"5' 11""",190,R,R
674370,Osvaldo,Bido,46,10/18/1995,"6' 3""",175,R,R
684049,Brandan,Bidois,,6/21/2001,"6' 2""",174,R,R
669456,Shane,Bieber,57,5/31/1995,"6' 3""",200,R,R
685801,Hunter,Bigge,43,6/12/1998,"6' 0""",215,R,R
656234,Jacob,Bird,59,12/4/1995,"6' 3""",215,R,R
702352,Spencer,Bivens,76,6/28/1994,"6' 4""",220,R,R
621389,Tyson,Blach,,10/20/1990,"6' 1""",215,R,L
696131,Mason,Black,47,12/10/1999,"6' 3""",228,R,R
672012,Tyler,Black,7,7/26/2000,"6' 0""",208,L,R
621112,Paul,Blackburn,58,12/4/1993,"6' 1""",196,R,R
669854,Ronel,Blanco,56,8/31/1993,"6' 3""",265,R,R
668709,Jeffrey,Bleday,22,11/10/1997,"6' 2""",205,L,L
656240,Scott,Blewett,49,4/10/1996,"6' 6""",245,R,R
669208,Ryan,Bliss,1,12/13/1999,"5' 7""",165,R,R
805123,Alan,Blubaugh,69,7/4/2000,"6' 2""",190,R,R
593428,Xander,Bogaerts,2,10/1/1992,"6' 2""",218,R,R
664761,Alec,Bohm,28,8/3/1996,"6' 4""",218,R,R
703607,Henry,Bolte,33,8/4/2003,"6' 3""",195,R,R
675989,Carl,Bolton,67,6/19/1998,"6' 2""",210,R,R
592155,Cameron,Booser,62,5/4/1992,"6' 3""",230,L,L
621366,Ryan,Borucki,,3/31/1994,"6' 4""",210,L,L
641386,Benjamin,Bowden,62,10/21/1994,"6' 4""",249,L,L
687749,Jase,Bowen,4,9/2/2000,"6' 0""",215,R,R
680742,Jonathan,Bowlan,52,12/1/1996,"6' 6""",240,R,R
571510,Matthew,Boyd,16,2/2/1991,"6' 3""",223,L,L
671212,Joseph,Boyle,36,8/14/1999,"6' 8""",250,R,R
674003,Cody,Bradford,61,2/22/1998,"6' 4""",197,L,L
680694,Kyle,Bradish,38,9/12/1996,"6' 3""",215,R,R
671737,Taj,Bradley,26,3/20/2001,"6' 2""",220,R,R
687394,Jack,Brannigan,76,3/11/2001,"6' 0""",201,R,R
666374,Matthew,Brash,47,5/12/1998,"6' 1""",173,R,R
683352,Mitchell,Bratt,60,7/3/2003,"6' 1""",215,L,L
623211,Huascar,Brazobán,50,10/15/1989,"6' 3""",155,R,R
605154,John,Brebbia,,5/30/1990,"6' 1""",219,L,R
608324,Alexander,Bregman,3,3/30/1994,"5' 10""",190,R,R
686823,William,Brennan,7,2/2/1998,"5' 11""",205,L,L
681146,Jonah,Bride,37,12/27/1995,"5' 11""",200,R,R
689225,Beau,Brieske,4,4/4/1998,"6' 3""",200,R,R
666745,Jhony,Brito,76,2/17/1998,"6' 2""",210,R,R
682877,Juan,Brito,,9/24/2001,"6' 0""",202,S,R
641401,Connor,Brogdon,75,1/29/1995,"6' 6""",205,R,R
605156,Aaron,Brooks,62,4/27/1990,"6' 4""",230,R,R
676962,Benjamin,Brown,32,9/9/1999,"6' 6""",210,R,R
686613,Hunter,Brown,58,8/29/1998,"6' 2""",220,R,R
664141,Jonathan,Brubaker,34,11/17/1993,"6' 4""",197,R,R
677865,Justin,Bruihl,47,6/26/1997,"6' 2""",215,L,L
660644,Vidal,Bruján,2,2/9/1998,"5' 9""",180,S,R
694350,Zachary,Brzykcy,62,7/12/1999,"6' 2""",208,R,R
663460,Kristofer,Bubic,,8/19/1997,"6' 3""",220,L,L
621111,Walker,Buehler,10,7/28/1994,"6' 2""",185,R,R
607481,Aaron,Bummer,36,9/21/1993,"6' 3""",215,L,L
669394,Jacob,Burger,21,4/10/1996,"6' 0""",230,R,R
686228,Juan,Burgos,52,12/22/1999,"6' 0""",190,R,R
670103,Raymond,Burgos,79,11/29/1998,"6' 5""",209,L,L
656271,Brock,Burke,49,8/4/1996,"6' 4""",210,L,L
680732,Sean,Burke,59,12/18/1999,"6' 6""",240,R,R
676475,Alec,Burleson,41,11/25/1998,"6' 0""",225,L,L
695505,Chase,Burns,26,1/16/2003,"6' 3""",210,R,R
681347,Michael,Burrows,50,11/8/1999,"6' 1""",200,R,R
683737,Michael,Busch,29,11/9/1997,"5' 11""",210,L,R
671732,Lawrence,Butler,4,7/10/2000,"6' 3""",210,L,R
676130,José,Buttó,70,3/19/1998,"6' 0""",208,R,R
621439,Byron,Buxton,25,12/18/1993,"6' 1""",190,R,R
676609,José,Caballero,72,8/30/1996,"5' 9""",190,R,R
665795,Edward,Cabrera,30,4/13/1998,"6' 5""",217,R,R
703615,Jose,Cabrera,53,5/30/2002,"6' 3""",235,R,R
665828,Oswaldo,Cabrera,95,3/1/1999,"6' 0""",200,S,R
695506,Jeffrey,Caglianone,14,2/9/2003,"6' 4""",250,L,L
683357,Owen,Caissie,17,7/8/2002,"6' 4""",190,L,R
669743,Alex,Call,12,9/27/1994,"5' 11""",189,R,R
814430,Brett,Callahan,34,11/2/2001,"6' 0""",195,L,R
682997,Tyler,Callihan,37,6/22/2000,"5' 11""",205,L,R
665856,Jair,Camargo,78,7/1/1999,"5' 10""",230,R,R
663662,Dazmon,Cameron,23,1/15/1997,"6' 0""",185,R,R
702070,Noah,Cameron,65,7/17/1999,"6' 3""",220,L,L
691406,Junior,Caminero,13,7/5/2003,"6' 1""",220,R,R
672569,Gustavo,Campero,51,9/20/1997,"5' 6""",183,S,R
669134,Luis,Campusano,12,9/29/1998,"5' 10""",232,R,R
600869,Jeimer,Candelario,46,11/24/1993,"6' 1""",222,S,R
656288,Griffin,Canning,17,5/11/1996,"6' 2""",180,R,R
686563,Jonathan,Cannon,48,7/19/2000,"6' 6""",225,R,R
666974,Yennier,Cano,78,3/9/1994,"6' 4""",245,R,R
676282,Joseph,Cantillo,54,12/18/1999,"6' 4""",225,L,L
686527,Dominic,Canzone,8,8/16/1997,"6' 0""",190,L,R
605170,Victor,Caratini,37,8/17/1993,"6' 0""",225,S,R
666185,Dylan,Carlson,3,10/23/1998,"6' 1""",200,S,L
681481,Kerry,Carpenter,30,9/2/1997,"6' 1""",220,L,R
471911,Carlos,Carrasco,59,3/21/1987,"6' 4""",224,R,R
694249,Cole,Carrigg,16,5/8/2002,"6' 2""",204,S,R
672629,Gerardo,Carrillo,68,9/13/1998,"6' 1""",185,R,R
682998,Corbin,Carroll,7,8/21/2000,"5' 10""",180,L,L
694497,Evan,Carter,32,8/29/2002,"6' 2""",190,L,R
676508,Benjamin,Casparius,78,2/11/1999,"6' 2""",215,R,R
680604,Blas,Castano,63,9/8/1998,"5' 10""",162,R,R
682769,Eiberson,Castellano,55,5/9/2001,"6' 3""",214,R,R
592206,Nicholas,Castellanos,21,3/4/1992,"6' 3""",203,R,R
622491,Luis,Castillo,58,12/12/1992,"6' 2""",200,R,R
665645,Kervin,Castro,74,2/7/1999,"5' 10""",234,R,R
650489,Willi,Castro,3,4/24/1997,"6' 0""",209,S,R
695508,Cameron,Cauley,27,2/6/2003,"5' 9""",170,R,R
676917,Steven,Cavalli,24,8/14/1998,"6' 4""",223,R,R
701852,Drew,Cavanaugh,61,1/27/2002,"6' 0""",219,L,R
656302,Dylan,Cease,84,12/28/1995,"6' 2""",200,R,R
677944,Slade,Cecconi,44,6/24/1999,"6' 4""",219,R,R
672021,Eric,Cerantola,,5/2/2000,"6' 5""",225,R,R
696149,Roy,Chandler,36,9/14/2002,"6' 3""",206,S,R
665953,Andrés,Chaparro,87,5/4/1999,"6' 0""",200,R,R
547973,Albertin,Chapman,44,2/28/1988,"6' 4""",235,L,L
656305,Matt,Chapman,26,4/28/1993,"6' 1""",220,R,R
691907,Tsung-Che,Cheng,39,7/26/2001,"5' 8""",180,L,R
665862,Jasrado,Chisholm,13,2/1/1998,"5' 11""",184,L,R
683409,Angel,Chivilli,57,7/28/2002,"6' 2""",185,R,R
694192,Jackson,Chourio,11,3/11/2004,"6' 1""",199,R,R
701675,Nathan,Church,27,7/12/2000,"5' 10""",180,L,L
650644,Aaron,Civale,38,6/12/1995,"6' 1""",245,R,R
703601,Maxwell,Clark,15,12/21/2004,"5' 11""",205,L,L
672016,Denzel,Clarke,1,5/1/2000,"6' 3""",220,R,R
664199,Taylor,Clarke,45,5/13/1993,"6' 3""",210,R,R
682729,Jonatan,Clase,8,5/23/2002,"5' 10""",150,S,R
664076,Garrett,Cleavinger,60,4/23/1994,"6' 1""",225,R,L
665019,Kody,Clemens,2,5/15/1996,"6' 0""",200,L,R
676391,Ernie,Clement,22,3/22/1996,"6' 0""",170,R,R
543037,Gerrit,Cole,45,9/8/1990,"6' 4""",220,R,R
805904,Zachary,Cole,16,8/4/2000,"6' 2""",190,L,R
686555,Isaac,Collins,1,7/22/1997,"5' 8""",188,S,R
686560,Gavin,Collyer,65,5/12/2001,"6' 1""",165,R,R
624424,Michael,Conforto,20,3/1/1993,"5' 11""",215,L,R
665052,Griffin,Conine,18,7/11/1997,"6' 1""",210,L,R
661388,William,Contreras,24,12/24/1997,"5' 10""",217,R,R
575929,Willson,Contreras,40,5/13/1992,"6' 0""",240,R,R
702047,Alexander,Cook,54,3/29/2001,"6' 2""",220,R,R
695257,William,Cook,25,1/7/1999,"6' 0""",204,R,R
571578,Patrick,Corbin,46,7/19/1989,"6' 4""",225,L,L
683000,Riley,Cornelio,74,6/6/2000,"6' 3""",195,R,R
692030,Jose,Corniell,59,6/22/2003,"6' 2""",165,R,R
621043,Carlos,Correa,1,9/22/1994,"6' 3""",220,R,R
666126,Carlos,Cortes,26,6/30/1997,"5' 7""",197,L,S
676680,Thomas,Cosgrove,34,6/14/1996,"6' 2""",190,L,L
543056,Daniel,Coulombe,67,10/26/1989,"5' 10""",190,L,L
681297,Colton,Cowser,17,3/20/2000,"6' 3""",220,L,R
813841,Jonah,Cox,53,8/4/2001,"6' 2""",204,R,R
641487,John,Crawford,3,1/11/1995,"6' 0""",202,L,R
702222,Justin,Crawford,2,1/13/2004,"6' 2""",188,L,R
686611,Dylan,Crews,3,2/26/2002,"5' 11""",203,R,R
681867,Cooper,Criswell,88,7/24/1996,"6' 6""",200,R,R
676105,Jeffrey,Criswell,46,3/10/1999,"6' 4""",236,R,R
676979,Garrett,Crochet,35,6/21/1999,"6' 6""",245,L,L
630105,Jacob,Cronenworth,9,1/21/1994,"5' 11""",187,L,R
699625,James,Crooks,8,7/19/2001,"6' 0""",230,L,R
689441,Coleman,Crow,57,12/30/2000,"5' 10""",175,R,R
691718,Pete,Crow-Armstrong,4,3/25/2002,"6' 0""",184,L,L
518585,Fernando,Cruz,63,3/28/1990,"6' 2""",237,R,R
665833,Oneil,Cruz,15,10/4/1998,"6' 7""",248,L,R
674444,Steven,Cruz,64,6/15/1999,"6' 7""",225,R,R
669360,Trei,Cruz,40,7/5/1998,"6' 0""",204,S,R
672442,Yovanny,Cruz,48,8/23/1999,"6' 0""",180,R,R
621016,Jose,Cuas,74,6/28/1994,"6' 3""",195,R,R
701785,Kaelen,Culpepper,12,12/29/2002,"5' 10""",185,R,R
675540,Xzavion,Curry,53,7/27/1998,"6' 0""",195,R,R
694753,Khristian,Curtis,64,5/9/2002,"6' 5""",215,R,R
681168,Luis,Curvelo,57,10/21/2000,"6' 1""",170,R,R
518595,Travis,d'Arnaud,25,2/10/1989,"6' 0""",210,R,R
689149,John,Dallas,37,6/26/2000,"5' 11""",206,R,R
689546,Nicholas,Davila,82,11/21/1998,"6' 3""",230,R,R
680779,Henry,Davis,32,9/21/1999,"5' 11""",225,R,R
699823,Tyler,Davis,63,10/3/1998,"6' 2""",210,R,R
701474,Duncan,Davitt,,9/23/1999,"6' 3""",235,R,R
681909,Justin,Dean,1,12/6/1996,"5' 8""",185,R,R
594798,Jacob,deGrom,48,6/19/1988,"6' 4""",180,L,R
646241,Enmanuel,De Jesus,37,12/10/1996,"6' 3""",190,L,L
650559,Bryan,De La Cruz,41,12/16/1996,"6' 0""",175,R,R
682829,Elly,De La Cruz,44,1/11/2002,"6' 6""",200,S,R
800050,Chase,DeLauter,24,10/8/2001,"6' 3""",235,L,L
680728,Adrian,Del Castillo,25,9/27/1999,"5' 9""",205,L,R
669384,Raynel,Delgado,29,4/4/2000,"6' 0""",210,L,R
691277,Deyvison,De Los Santos,63,6/21/2003,"6' 1""",185,R,R
660853,Enyel,De Los Santos,65,12/25/1995,"6' 3""",235,R,R
660787,Yerry,De los Santos,73,12/12/1997,"6' 3""",230,R,R
676356,Jonathan,DeLuca,21,7/10/1998,"5' 10""",195,R,R
672282,Reid,Detmers,48,7/8/1999,"6' 2""",210,L,L
606965,Christopher,Devenski,56,11/13/1990,"6' 3""",208,R,R
646240,Rafael,Devers,16,10/24/1996,"6' 0""",235,L,R
701305,Zachary,Dezenzo,9,5/11/2000,"6' 5""",220,R,R
621242,Edwin,Díaz,3,3/22/1994,"6' 3""",165,R,R
553869,Elias,Díaz,35,11/17/1990,"6' 1""",223,R,R
646242,Jhonathan,Díaz,74,9/13/1996,"6' 0""",170,L,L
673237,Yainer,Diaz,21,9/21/1998,"5' 11""",195,R,R
650490,Yandy,Díaz,2,8/8/1991,"6' 0""",235,R,R
700270,Yilber,Díaz,62,8/19/2000,"6' 0""",190,R,R
693307,Francis,Dingler,13,9/17/1998,"6' 1""",210,R,R
702021,William,Dion,76,4/17/2000,"5' 10""",180,L,L
690928,Hunter,Dobbins,40,8/30/1999,"6' 2""",185,R,R
677976,Randy,Dobnak,62,1/17/1995,"6' 1""",230,R,R
689266,Dylan,Dodd,46,6/6/1998,"6' 2""",210,L,L
801403,Tyler,Dollander,32,10/26/2001,"6' 2""",219,R,R
691176,Jasson,Domínguez,24,2/7/2003,"5' 9""",218,S,R
622554,Seranthony,Domínguez,58,11/25/1994,"6' 1""",225,R,R
680977,Brendan,Donovan,33,1/16/1997,"5' 11""",210,L,R
696062,Wilber,Dotel,66,9/25/2002,"6' 3""",238,R,R
666808,Camilo,Doval,75,7/4/1997,"6' 2""",205,R,R
686668,Brenton,Doyle,7,5/14/1998,"6' 3""",223,R,R
684442,Kohl,Drake,58,7/17/2000,"6' 5""",220,L,L
676263,Jacob,Dreyer,86,2/27/1999,"6' 2""",205,R,L
675660,Shane,Drohan,55,1/7/1999,"6' 2""",202,L,L
650960,Daniel,Duarte,54,12/4/1996,"6' 0""",235,R,R
643289,Mauricio,Dubón,14,7/19/1994,"5' 11""",173,R,R
694362,Blake,Dunn,59,9/5/1998,"5' 9""",210,R,R
686554,Oliver,Dunn,35,9/2/1997,"5' 10""",207,L,R
679922,Carlos,Duran,45,7/30/2001,"6' 7""",230,R,R
677649,Ezequiel,Duran,20,5/22/1999,"5' 10""",185,R,R
680776,Jarren,Duran,16,9/5/1996,"6' 0""",205,L,R
661395,Jhoan,Duran,59,1/8/1998,"6' 5""",230,R,R
660710,Rodolfo,Durán,48,2/19/1998,"5' 8""",181,R,R
702332,Caleb,Durbin,5,2/22/2000,"5' 6""",183,R,R
813349,Todd,Early,19,4/3/2002,"6' 3""",195,L,L
681987,Nathan,Eaton,18,12/22/1996,"5' 11""",200,R,R
671109,Jacob,Eder,56,10/9/1998,"6' 4""",225,L,L
669242,Thomas,Edman,25,5/9/1995,"5' 10""",193,S,R
605218,Carl,Edwards,79,9/3/1991,"6' 3""",165,R,R
669364,Xavier,Edwards,9,8/9/1999,"5' 9""",175,S,R
621107,Zachary,Eflin,24,4/8/1994,"6' 6""",230,R,R
685126,Brandon,Eisert,14,1/19/1998,"6' 2""",210,L,L
694795,Joshua,Ekness,95,2/7/2002,"6' 4""",225,R,R
693821,Bryce,Elder,55,5/19/1999,"6' 2""",220,R,R
805811,Bryson,Eldridge,8,10/20/2004,"6' 7""",251,L,R
592288,Kent,Emanuel,67,6/4/1992,"6' 4""",225,L,L
806068,Colt,Emerson,4,7/20/2005,"6' 0""",195,L,R
666464,Jerar,Encarnacion,19,10/22/1997,"6' 4""",265,R,R
687952,Christian,Encarnacion-Strand,32,12/1/1999,"6' 1""",224,R,R
669438,Mason,Englert,59,11/1/1999,"6' 4""",205,S,R
608650,Dietrich,Enns,71,5/16/1991,"6' 1""",230,L,L
543135,Nathan,Eovaldi,17,2/13/1990,"6' 2""",217,R,R
668674,Lucas,Erceg,60,5/1/1995,"6' 2""",214,L,R
641555,Juan,Escarra,25,4/24/1995,"6' 2""",220,L,R
664744,Jose,Espada,70,2/22/1997,"6' 0""",185,R,R
669289,Santiago,Espinal,5,11/13/1994,"5' 9""",185,R,R
682982,Daniel,Espino,41,1/5/2001,"6' 0""",225,R,R
683155,Joseph,Estes,68,10/8/2001,"6' 2""",190,R,R
608032,Carlos,Estévez,53,12/28/1992,"6' 6""",277,R,R
669093,Jeremiah,Estrada,56,11/1/1998,"6' 1""",185,S,R
681751,Lazaro,Estrada,60,4/24/1999,"5' 10""",180,R,R
805999,Andrew,Ewing,9,8/10/2004,"5' 10""",160,L,R
664126,Peter,Fairbanks,29,12/16/1993,"6' 6""",235,R,R
656413,Stuart,Fairchild,63,3/17/1996,"5' 11""",205,R,R
663559,Bailey,Falter,,4/24/1997,"6' 4""",205,R,L
571657,James,Farmer,52,8/17/1990,"5' 11""",205,R,R
815083,Mitchell,Farris,70,2/14/2001,"6' 2""",195,L,L
676534,Calvin,Faucher,53,9/22/1995,"6' 1""",190,R,R
607200,Erick,Fedde,47,2/25/1993,"6' 4""",205,R,R
693459,Kyler,Fedko,51,9/21/1999,"6' 0""",215,R,R
676439,Hunter,Feduccia,46,6/5/1997,"6' 1""",215,L,R
663372,Ryan,Feltner,18,9/2/1996,"6' 4""",200,R,R
657571,Caleb,Ferguson,54,7/2/1996,"6' 3""",225,R,L
621053,Tyler,Ferguson,64,10/5/1993,"6' 4""",225,R,R
666023,Freddy,Fermin,54,5/16/1995,"5' 10""",200,R,R
665877,José,Fermín,15,3/29/1999,"5' 10""",198,R,R
820862,Jose,Fermin,65,11/28/2001,"6' 3""",242,R,R
699912,Jose,Fernandez,11,9/22/2003,"6' 3""",215,R,R
642759,Julian,Fernández,65,12/5/1995,"6' 6""",230,R,R
681676,Ryan,Fernandez,64,6/11/1998,"6' 0""",200,R,R
678606,José,Ferrer,45,3/3/2000,"6' 1""",233,L,L
670036,Matthew,Festa,52,3/11/1993,"6' 1""",195,R,R
640448,Kyle,Finnegan,67,9/4/1991,"6' 2""",198,R,R
680755,Braydon,Fisher,63,7/26/2000,"6' 4""",180,R,R
702153,Brian,Fitzpatrick,35,6/1/2000,"6' 7""",225,S,L
656427,Jack,Flaherty,9,10/15/1995,"6' 4""",225,R,R
676596,Josh,Fleming,19,5/18/1996,"6' 2""",220,L,L
804668,Rafael,Flores,43,11/7/2000,"6' 3""",232,R,R
689254,Mason,Fluharty,68,8/13/2001,"6' 2""",215,R,L
671345,Jason,Foley,64,11/1/1995,"6' 4""",215,R,R
695670,Harrison,Ford,17,2/21/2003,"5' 10""",200,R,R
663743,Nicholas,Fortes,40,11/11/1996,"5' 11""",198,R,R
679822,Justin,Foscue,14,3/2/1999,"5' 11""",205,R,R
671382,Cameron,Foster,65,3/17/1999,"6' 5""",240,R,R
641584,Jake,Fraley,17,5/25/1995,"5' 11""",206,L,L
641585,Jonathan,France,,4/4/1995,"6' 0""",198,R,R
664034,Tyler,France,25,7/13/1994,"5' 10""",215,R,R
683742,Jose,Franco,74,11/25/2000,"6' 2""",257,R,R
681047,Christian,Franklin,27,11/30/1999,"5' 9""",195,R,R
693308,Nicholas,Frasso,41,10/18/1998,"6' 5""",200,R,R
624428,Adam,Frazier,20,12/14/1991,"5' 10""",190,L,R
690976,Alexander,Freeland,76,8/24/2001,"5' 11""",200,S,R
607536,Kyle,Freeland,21,5/14/1993,"6' 4""",202,L,L
683227,Cody,Freeman,39,1/5/2001,"5' 9""",180,R,R
518692,Frederick,Freeman,5,9/12/1989,"6' 4""",220,L,R
671289,Tyler,Freeman,2,5/21/1999,"5' 11""",200,R,R
686217,Salvatore,Frelick,10,4/19/2000,"5' 9""",191,L,R
608331,Max,Fried,54,1/18/1994,"6' 4""",190,L,L
670770,Terry,Friedl,29,8/14/1995,"5' 8""",180,L,L
681807,David,Fry,6,11/20/1995,"6' 1""",215,R,R
800311,Didier,Fuentes,72,6/17/2005,"6' 0""",170,R,R
690924,Braxton,Fulford,37,12/9/1998,"5' 10""",205,R,R
605242,Michael,Fulmer,43,3/15/1993,"6' 2""",221,R,R
690978,Daxton,Fulton,90,10/16/2001,"6' 7""",245,L,L
681892,Kody,Funderburk,57,11/27/1996,"6' 4""",230,L,L
801501,Nathan,Furman,56,7/23/2001,"5' 8""",173,L,R
683769,Hunter,Gaddis,33,4/9/1998,"6' 6""",260,R,R
657424,Matthew,Gage,93,2/11/1993,"6' 4""",261,L,L
668678,Zachary,Gallen,23,8/3/1995,"6' 2""",189,R,R
687941,Alec,Gamboa,68,1/17/1997,"6' 1""",205,S,L
605244,Aramis,Garcia,35,1/12/1993,"6' 1""",228,R,R
805299,Brandyn,Garcia,55,5/27/2000,"6' 4""",235,L,L
691373,Jhostynxon,Garcia,34,12/11/2002,"6' 0""",224,R,R
666969,Jose,García,53,3/2/1993,"6' 0""",205,R,R
670329,Joshua,Garcia,50,1/10/1994,"5' 9""",215,R,R
670062,Julian,Garcia,57,5/13/1995,"6' 3""",206,L,R
671277,Luis,García,26,5/16/2000,"6' 1""",216,L,R
472610,Luis,García,40,1/30/1987,"6' 2""",240,R,R
672580,Maikel,Garcia,11,3/3/2000,"6' 1""",180,R,R
676395,Robert,Garcia,62,6/14/1996,"6' 4""",236,R,L
666129,Braxton,Garrett,60,8/5/1997,"6' 2""",202,R,L
641598,Mitchell,Garver,8,1/15/1991,"6' 1""",220,R,R
681508,Michael,Gasper,30,10/11/1995,"5' 9""",205,S,R
688107,Robert,Gasser,54,5/31/1999,"6' 0""",197,L,L
703725,Luis,Gastelum,72,9/27/2001,"6' 2""",175,R,R
592332,Kevin,Gausman,12,1/6/1991,"6' 2""",205,L,R
680869,Zachary,Gelof,20,10/19/1999,"6' 2""",205,R,R
694197,Angel,Genao,17,5/19/2004,"5' 11""",150,S,R
680702,Joseph,Gerber,56,5/3/1997,"6' 4""",212,R,R
801434,Paul,Gervase,65,5/23/2000,"6' 10""",230,R,R
806188,Cade,Gibson,58,2/18/1998,"6' 2""",195,L,L
694346,Richard,Gibson,43,5/18/2002,"6' 5""",240,R,R
661563,Luis,Gil,81,6/3/1998,"6' 3""",215,R,R
687551,Andrew,Gilbert,0,9/27/2000,"5' 9""",195,L,L
669302,Logan,Gilbert,36,5/5/1997,"6' 6""",215,R,R
656457,Tyler,Gilbert,40,12/22/1993,"6' 3""",225,L,L
665926,Andrés,Giménez,0,9/4/1998,"5' 11""",161,L,R
656464,Kevin,Ginkel,37,3/24/1994,"6' 4""",235,L,R
669372,John,Ginn,35,5/20/1999,"6' 2""",200,R,R
608337,Lucas,Giolito,55,7/14/1994,"6' 6""",245,R,R
607192,Tyler,Glasnow,31,8/23/1993,"6' 8""",225,L,R
808970,Woo-Suk,Go,1,8/6/1998,"5' 11""",198,R,R
502671,Paul,Goldschmidt,48,9/10/1987,"6' 2""",225,R,R
672782,Yoendrys,Gómez,94,10/15/1999,"6' 3""",212,R,R
594835,Marco,Gonzales,50,2/16/1992,"6' 1""",205,L,L
693304,Nicholas,Gonzales,3,5/27/1999,"5' 8""",193,R,R
682445,Domingo,Gonzalez,46,9/27/1999,"6' 0""",185,R,R
694224,Gabriel,Gonzalez,72,1/4/2004,"5' 10""",165,R,R
694378,Jacob,Gonzalez,26,5/30/2002,"6' 2""",205,L,R
663853,Roman,Gonzalez,23,9/6/1996,"6' 0""",215,R,R
696100,Hunter,Goodman,15,10/8/1999,"5' 11""",220,R,R
676467,Colton,Gordon,,12/20/1998,"6' 4""",225,L,L
685299,Tanner,Gordon,29,10/26/1997,"6' 5""",220,L,R
669022,MacKenzie,Gore,1,2/24/1999,"6' 2""",193,L,L
669357,Nolan,Gorman,16,5/10/2000,"6' 0""",225,L,R
543238,Anthony,Gose,34,8/10/1990,"6' 0""",200,L,L
700669,Gordon,Graceffo,44,3/17/2000,"6' 4""",220,R,R
701552,Andre,Granillo,,5/12/2000,"6' 4""",250,R,R
682608,Peyton,Gray,75,6/2/1995,"6' 4""",235,R,R
543243,Sonny,Gray,54,11/7/1989,"5' 10""",190,R,R
656484,Tristan,Gray,4,3/22/1996,"6' 1""",215,L,R
668881,Christian,Greene,21,8/6/1999,"6' 5""",242,R,R
682985,Riley,Greene,31,9/28/2000,"6' 2""",200,L,L
545341,Randal,Grichuk,34,8/13/1991,"6' 0""",210,R,R
656492,Fred,Griffin,22,7/27/1995,"6' 3""",225,R,L
804606,Konnor,Griffin,6,4/24/2006,"6' 3""",222,R,R
663757,Trenton,Grisham,12,11/1/1996,"5' 10""",221,L,L
687093,Vaughn,Grissom,5,1/5/2001,"6' 2""",210,R,R
694410,LuJames,Groover,16,4/16/2002,"6' 2""",215,R,R
675627,Michael,Grove,58,12/18/1996,"6' 3""",200,R,R
594027,Tayron,Guerrero,41,1/9/1991,"6' 8""",225,R,R
665489,Vladimir,Guerrero,27,3/16/1999,"6' 0""",245,R,R
666971,Lourdes,Gurriel,12,10/10/1993,"6' 3""",215,R,R
687473,Ryan,Gusto,65,3/11/1999,"6' 4""",232,R,R
694203,Denzer,Guzman,23,2/8/2004,"6' 1""",190,R,R
606992,Eric,Haase,,12/18/1992,"5' 10""",201,R,R
623352,Josh,Hader,71,4/7/1994,"6' 3""",188,L,L
664059,Samuel,Haggerty,0,5/26/1994,"5' 11""",175,S,R
669084,Dayton,Hall,37,9/19/1998,"6' 1""",209,L,L
690984,Peter,Halpin,0,5/26/2002,"5' 11""",200,L,R
678020,Seth,Halvorsen,56,2/18/2000,"6' 2""",243,R,R
666152,David,Hamilton,6,9/29/1997,"5' 10""",192,L,R
641656,Ian,Hamilton,71,6/16/1995,"6' 1""",200,R,R
676106,Emerson,Hancock,26,5/31/1999,"6' 4""",213,R,R
668974,Maverick,Handley,90,3/10/1998,"5' 9""",210,R,R
669724,Brenan,Hanifee,75,5/29/1998,"6' 5""",215,R,R
690440,Bradley,Hanner,93,2/10/1999,"6' 4""",210,R,R
664023,Ian,Happ,8,8/12/1994,"5' 10""",205,S,R
547180,Bryce,Harper,3,10/16/1992,"6' 1""",210,L,R
695391,Brett,Harris,,6/24/1998,"6' 2""",208,R,R
687957,Dustin,Harris,29,7/8/1999,"6' 2""",185,L,R
663687,Hogan,Harris,36,12/26/1996,"6' 3""",230,R,L
671739,Michael,Harris,23,3/7/2001,"5' 11""",195,L,L
805345,Trenton,Harris,68,1/22/1999,"6' 1""",206,R,R
690986,Kyle,Harrison,52,8/12/2001,"6' 2""",216,R,L
606996,Kyle,Hart,68,11/23/1992,"6' 5""",200,L,L
664129,Geoffery,Hartlieb,31,12/9/1993,"6' 5""",240,R,R
640451,Hunter,Harvey,45,12/9/1994,"6' 3""",233,R,R
663647,Ke'Bryan,Hayes,3,1/28/1997,"5' 11""",215,R,R
669720,Austin,Hays,15,7/5/1995,"5' 10""",200,R,R
687396,Brent,Headrick,47,12/17/1997,"6' 6""",235,L,L
669169,Jonathan,Heasley,68,1/27/1997,"6' 3""",225,R,R
595978,Austin,Hedges,27,8/18/1992,"6' 0""",220,R,R
641680,Jonah,Heim,15,6/27/1995,"6' 4""",220,S,R
623168,Tyler,Heineman,31,6/19/1991,"5' 10""",190,S,R
680737,Michael,Helman,23,5/23/1996,"6' 0""",195,R,R
664854,Ryan,Helsley,21,7/18/1994,"6' 2""",235,R,R
683002,Gunnar,Henderson,2,6/29/2001,"6' 3""",230,L,R
701656,Logan,Henderson,43,3/2/2002,"6' 0""",209,R,R
683618,Edgardo,Henriquez,60,6/24/2002,"6' 4""",200,R,R
669371,Jeffrey,Henry,99,7/15/1999,"6' 4""",200,R,R
656529,Sam,Hentges,31,7/18/1996,"6' 8""",255,L,L
623474,Jimmy,Herget,44,9/9/1993,"6' 3""",183,R,R
643361,Kevin,Herget,57,4/3/1991,"5' 10""",185,L,R
687231,Darell,Hernaiz,2,8/3/2001,"5' 11""",190,R,R
622694,Elieser,Hernández,,5/3/1995,"6' 1""",214,R,R
571771,Enrique,Hernández,8,8/24/1991,"5' 10""",195,R,R
681715,Heriberto,Hernandez,13,12/16/1999,"5' 11""",195,R,R
642546,Jonathan,Hernández,26,7/6/1996,"6' 3""",190,R,R
606192,Teoscar,Hernández,37,10/15/1992,"6' 0""",215,R,R
671056,Ivan,Herrera,48,6/1/2000,"5' 11""",220,R,R
700327,Welinton,Herrera,59,4/3/2004,"6' 0""",198,L,L
682120,Tim,Herrin,29,10/8/1996,"6' 6""",230,L,L
676051,Codi,Heuer,,7/3/1996,"6' 5""",200,R,R
676551,Charles,Hicklen,53,2/9/1996,"6' 2""",215,R,R
663855,Jordan,Hicks,44,9/6/1996,"6' 2""",217,R,R
689414,Liam,Hicks,34,6/2/1999,"5' 9""",185,L,R
543309,Kyle,Higashioka,11,4/20/1990,"6' 1""",202,R,R
664731,Patrick,Higgins,65,5/10/1993,"5' 10""",195,R,R
656537,Derek,Hill,49,12/30/1995,"6' 0""",206,R,R
677955,Kenneth,Hill,0,12/22/1999,"6' 4""",260,R,R
657612,Timothy,Hill,41,2/10/1990,"6' 4""",210,R,L
806367,Turner,Hill,52,4/4/1999,"5' 10""",198,L,L
677956,Rece,Hinds,,9/5/2000,"6' 3""",215,R,R
682274,Yaramil,Hiraldo,76,12/31/1995,"6' 1""",220,R,R
663538,Nicholas,Hoerner,2,5/13/1997,"5' 11""",200,R,R
656546,Jeffrey,Hoffman,24,1/8/1993,"6' 5""",235,R,R
676510,Nolan,Hoffman,,8/9/1997,"6' 4""",190,R,R
694851,Andrew,Hoffmann,,2/2/2000,"6' 5""",215,R,R
670059,Colin,Holderman,35,10/8/1995,"6' 6""",230,R,R
702616,Jackson,Holliday,7,12/4/2003,"5' 11""",200,L,R
668970,Gavin,Hollowell,46,11/4/1997,"6' 7""",215,R,R
605280,Clayton,Holmes,25,3/27/1993,"6' 5""",245,R,R
656550,Harrison,Holmes,66,3/22/1996,"6' 0""",226,L,R
663947,Weston,Holton,87,6/13/1996,"6' 2""",200,L,L
695380,Alex,Hoppe,26,12/17/1998,"6' 1""",200,R,R
690990,Cade,Horton,22,8/20/2001,"6' 1""",211,R,R
687462,Spencer,Horwitz,2,11/14/1997,"5' 10""",204,L,R
656555,Rhys,Hoskins,8,3/17/1993,"6' 3""",241,R,R
691781,Brady,House,12,6/4/2003,"6' 4""",208,R,R
605288,Adrian,Houser,12,2/2/1993,"6' 4""",227,R,R
663542,Bryan,Hudson,60,5/8/1997,"6' 8""",248,L,L
669087,Samuel,Huff,31,1/14/1998,"6' 4""",242,R,R
687312,Gabriel,Hughes,43,8/22/2001,"6' 4""",238,R,R
675448,Blake,Hunt,26,11/10/1998,"6' 4""",215,R,R
669165,Kyle,Hurt,63,5/30/1998,"6' 3""",240,R,R
676428,Brant,Hurter,48,9/6/1998,"6' 6""",250,L,L
628451,Andy,Ibáñez,77,4/3/1993,"5' 10""",205,R,R
628452,Raisel,Iglesias,26,1/4/1990,"6' 2""",190,R,R
837227,Tatsuya,Imai,45,5/9/1998,"5' 11""",176,R,R
684007,Shota,Imanaga,18,9/1/1993,"5' 10""",175,L,L
663697,Jonathan,India,6,12/15/1996,"5' 10""",200,R,R
694876,John,Ingle,30,2/23/2002,"5' 8""",190,L,R
608344,Cole,Irvin,38,1/31/1994,"6' 4""",225,L,L
663623,Jacob,Irvin,27,2/18/1997,"6' 6""",234,R,R
664728,Kyle,Isbel,28,3/3/1997,"5' 10""",190,L,R
656577,Alexander,Jackson,70,12/25/1995,"6' 1""",238,R,R
669236,Jeremiah,Jackson,82,3/26/2000,"5' 11""",200,R,R
689690,Alek,Jacob,37,6/16/1998,"6' 3""",190,L,R
686753,Drey,Jameson,99,8/17/1997,"6' 0""",175,R,R
643376,Daniel,Jansen,9,4/15/1995,"6' 2""",240,R,R
445276,Kenley,Jansen,74,9/30/1987,"6' 5""",265,S,R
805347,James,Jarvis,74,11/6/2000,"5' 9""",190,L,R
664299,Cristian,Javier,53,3/26/1997,"6' 1""",210,R,R
643377,James,Jax,22,11/22/1994,"6' 2""",195,R,R
680777,Ryan,Jeffers,27,6/3/1997,"6' 2""",235,R,R
805805,Walker,Jenkins,11,2/19/2005,"6' 3""",210,L,R
695600,Carter,Jensen,22,7/3/2003,"6' 0""",210,L,R
650391,Eloy,Jiménez,74,11/27/1996,"6' 4""",250,R,R
677870,Leonardo,Jimenez,19,5/17/2001,"5' 10""",215,R,R
695549,Jackson,Jobe,21,7/30/2002,"6' 2""",190,R,R
656582,Connor,Joe,9,8/16/1992,"5' 11""",205,R,R
669369,Bryce,Johnson,29,10/27/1995,"5' 11""",190,S,R
669288,Daniel,Johnson,,7/11/1995,"5' 10""",200,L,L
572955,Pierce,Johnson,52,5/10/1991,"6' 2""",202,R,R
696270,Ryan,Johnson,32,8/5/2002,"6' 6""",215,S,R
686751,Seth,Johnson,52,9/19/1998,"6' 1""",205,R,R
671155,Vincent,Johnson,63,10/11/1998,"6' 0""",190,S,R
687859,Troy,Johnston,20,6/22/1997,"5' 11""",206,L,L
675659,Gregory,Jones,,3/7/1998,"6' 0""",189,S,R
663330,Jahmai,Jones,37,8/4/1997,"5' 10""",210,R,R
683003,Jared,Jones,17,8/6/2001,"6' 0""",211,L,R
682987,Spencer,Jones,78,5/14/2001,"6' 7""",240,L,L
691458,Blaze,Jordan,33,12/19/2002,"6' 1""",220,R,R
690829,Benjamin,Joyce,44,9/17/2000,"6' 5""",225,R,R
592450,Aaron,Judge,99,4/26/1992,"6' 7""",282,R,R
696522,Hayden,Juenger,58,8/9/2000,"6' 0""",180,R,R
666397,Edouard,Julien,6,4/30/1999,"6' 1""",195,L,R
667452,Corey,Julks,44,2/27/1996,"5' 11""",220,R,R
695611,Gage,Jump,61,4/12/2003,"6' 0""",200,L,L
690291,Jace,Jung,17,10/4/2000,"5' 11""",205,L,R
673962,Joshua,Jung,6,2/12/1998,"6' 1""",214,R,R
596001,Jakob,Junis,16,9/16/1992,"6' 3""",238,R,R
676083,Janson,Junk,26,1/15/1996,"6' 2""",197,R,R
592454,Thomas,Kahnle,,8/7/1989,"6' 1""",230,R,R
675916,James,Karinchak,0,9/22/1995,"6' 3""",215,R,R
691720,Kyle,Karros,12,7/26/2002,"6' 5""",225,R,R
641743,Anthony,Kay,18,3/21/1995,"6' 0""",225,L,L
692216,Collin,Kayfus,2,10/28/2001,"5' 11""",192,L,L
807712,Luke,Keaschall,15,8/15/2002,"6' 0""",190,R,R
690993,Colten,Keith,33,8/14/2001,"6' 2""",211,L,R
672284,Jarred,Kelenic,,7/16/1999,"5' 11""",206,L,L
641745,Brad,Keller,40,7/27/1995,"6' 5""",255,R,R
662144,Brian,Keller,,6/21/1994,"6' 3""",210,R,R
656605,Mitch,Keller,23,4/4/1996,"6' 3""",213,R,R
681520,Antoine,Kelly,62,12/5/1999,"6' 5""",205,L,L
699008,Antwone,Kelly,62,9/1/2003,"5' 10""",238,R,R
608348,Carson,Kelly,15,7/14/1994,"6' 1""",212,R,R
518876,Kenneth,Kelly,29,10/14/1988,"6' 2""",210,R,R
687330,Kevin,Kelly,49,11/28/1997,"6' 2""",195,R,R
547184,Michael,Kelly,49,9/6/1992,"6' 4""",185,R,R
677161,Zachery,Kelly,76,3/3/1995,"6' 3""",231,R,R
805249,Otto,Kemp,4,9/9/1999,"5' 11""",185,R,R
687531,William,Kempner,71,6/18/2001,"6' 0""",222,R,R
671083,Clifton,Kennedy,41,10/5/1998,"5' 10""",213,R,R
800600,Jackson,Kent,25,2/10/2003,"6' 3""",219,L,L
687849,Zachary,Kent,57,2/24/1998,"6' 3""",208,R,R
596146,Maximilian,Kepler,22,2/10/1993,"6' 4""",225,L,L
689147,Richard,Kerkering,50,4/4/2001,"6' 2""",204,R,R
678061,Raymond,Kerr,62,9/10/1994,"6' 3""",185,L,L
695049,Brett,Kerry,71,4/12/1999,"6' 0""",213,R,R
815873,Sean,Keys,20,5/26/2003,"6' 1""",232,L,R
579328,Yusei,Kikuchi,16,6/17/1991,"6' 0""",210,L,L
668873,Caleb,Kilian,56,6/2/1997,"6' 4""",206,R,R
673490,Ha-Seong,Kim,7,10/17/1995,"5' 10""",200,R,R
808975,Hyeseong,Kim,6,1/27/1999,"5' 10""",175,L,R
518886,Craig,Kimbrel,26,5/28/1988,"6' 0""",215,R,R
643396,Isiah,Kiner-Falefa,2,3/23/1995,"5' 10""",195,R,R
687911,Bryan,King,74,11/5/1996,"6' 1""",205,R,L
667463,John,King,47,9/14/1994,"6' 2""",215,L,L
650633,Michael,King,34,5/25/1995,"6' 3""",210,R,R
664068,Scott,Kingery,,4/29/1994,"5' 9""",180,R,R
663884,Nolan,Kingham,,8/18/1996,"6' 4""",210,R,R
641755,Tyler,Kinley,55,1/31/1991,"6' 4""",220,R,R
669923,George,Kirby,68,2/4/1998,"6' 4""",215,R,R
672386,Alejandro,Kirk,30,11/6/1998,"5' 8""",245,R,R
552640,Andrew,Kittredge,39,3/17/1990,"6' 1""",235,R,R
691946,George,Klassen,58,1/26/2002,"6' 2""",195,R,R
804619,John,Klein,,4/22/2002,"6' 5""",225,R,R
694361,William,Klein,61,11/28/1999,"6' 5""",230,R,R
689017,Landon,Knack,96,7/15/1997,"6' 2""",220,L,R
668800,Andrew,Knizner,19,2/3/1995,"6' 0""",225,R,R
686799,Jack,Kochanowicz,41,12/22/2000,"6' 7""",228,L,R
657649,Jared,Koenig,47,1/24/1994,"6' 5""",244,R,L
663568,Stephen,Kolek,32,4/18/1997,"6' 3""",210,R,R
683766,Christian,Koss,50,1/27/1998,"6' 1""",185,R,R
668820,Max,Kranick,35,7/21/1997,"6' 3""",220,R,R
668952,Ryan,Kreidler,5,11/12/1997,"6' 3""",208,R,R
665152,Dean,Kremer,13,1/7/1996,"6' 2""",210,R,R
621139,Brooks,Kriske,48,2/3/1994,"6' 3""",205,R,R
640454,Matthew,Krook,,10/21/1994,"6' 4""",225,L,L
669270,Joel,Kuhnel,59,2/19/1995,"6' 5""",290,R,R
811965,Joshua,Kuroda-Grauer,44,1/31/2003,"5' 10""",205,R,R
701762,Nicholas,Kurtz,16,3/12/2003,"6' 5""",240,L,L
680757,Steven,Kwan,38,9/5/1997,"5' 8""",170,L,L
663567,Peter,Lambert,38,4/18/1997,"6' 2""",208,R,R
656638,Alexander,Lange,56,10/2/1995,"6' 3""",202,R,R
669127,Shea,Langeliers,23,11/18/1997,"5' 11""",205,R,R
694671,Wyatt,Langford,36,11/15/2001,"6' 0""",225,R,R
800325,Luis,Lara,18,11/17/2004,"5' 7""",169,S,R
663616,Trevor,Larnach,9,2/26/1997,"6' 3""",223,L,R
686747,Joseph,La Sorsa,60,4/29/1998,"6' 5""",224,L,L
656641,Jacob,Latz,67,4/8/1996,"6' 2""",185,R,L
641778,Eric,Lauer,33,6/3/1995,"6' 3""",209,R,L
657656,Ramón,Laureano,5,7/15/1994,"5' 9""",203,R,R
681320,Nathan,Lavender,94,1/20/2000,"6' 2""",215,L,L
571882,Derek,Law,38,9/14/1990,"6' 3""",225,R,R
689520,Cody,Laweryson,,5/10/1998,"6' 4""",205,L,R
691783,Jordan,Lawlar,10,7/17/2002,"6' 0""",195,R,R
664875,Justin,Lawrence,44,11/25/1994,"6' 3""",211,R,R
676661,Max,Lazar,60,6/3/1999,"6' 1""",200,R,R
681517,Kyle,Leahy,62,6/4/1997,"6' 5""",225,S,R
673929,Jordan,Leasure,49,8/15/1998,"6' 3""",220,R,R
686797,Brooks,Lee,22,2/14/2001,"6' 0""",205,S,R
695445,Chase,Lee,52,8/13/1998,"6' 0""",170,R,R
669276,Dylan,Lee,52,8/1/1994,"6' 3""",214,L,L
701678,Hao-Yu,Lee,50,2/3/2003,"5' 9""",190,R,R
808982,Jung Hoo,Lee,51,8/20/1998,"6' 0""",196,L,R
668984,Casey,Legumina,67,6/19/1997,"6' 2""",195,R,R
605335,Brandon,Leibrandt,58,12/13/1992,"6' 4""",190,L,L
683004,Jack,Leiter,22,4/21/2000,"6' 1""",205,R,R
643410,Mark,Leiter,38,3/13/1991,"6' 0""",210,R,R
506702,Sandy,León,,3/13/1989,"5' 9""",235,S,R
678760,Eddys,Leonard,49,11/10/2000,"5' 10""",201,R,R
668904,Royce,Lewis,23,6/5/1999,"6' 0""",200,R,R
669461,Matthew,Liberatore,32,11/6/1999,"6' 4""",215,L,L
695734,Daylen,Lile,4,11/30/2002,"5' 11""",195,L,R
596019,Francisco,Lindor,12,11/14/1993,"5' 10""",190,S,R
641793,Zack,Littell,46,10/5/1995,"6' 4""",250,R,R
663893,Brendon,Little,54,8/11/1996,"6' 2""",195,L,L
681432,Luke,Little,,8/30/2000,"6' 8""",220,L,L
642528,Jonathan,Loáisiga,43,11/2/1994,"5' 11""",195,R,R
682988,Tyler,Locklear,31,11/24/2000,"6' 2""",235,R,R
663604,Brandon,Lockridge,20,3/14/1997,"6' 0""",197,R,R
666157,Nicholas,Lodolo,40,2/5/1998,"6' 6""",216,L,L
679845,Nicholas,Loftin,12,9/25/1998,"5' 11""",180,R,R
806146,George,Lombard,96,6/2/2005,"6' 2""",190,R,R
675920,Seth,Lonsway,86,10/7/1998,"6' 0""",206,L,L
694388,Mario,Loperfido,10,5/11/1999,"6' 3""",220,L,R
682052,Jacob,Lopez,57,3/11/1998,"6' 4""",220,L,L
670032,Nicholas,Lopez,33,3/13/1995,"5' 10""",186,L,R
672640,Otto,Lopez,6,10/1/1998,"5' 10""",185,R,R
625643,Reynaldo,López,40,1/4/1994,"6' 1""",225,R,R
695418,Bradley,Lord,41,2/14/2000,"6' 3""",210,R,R
547179,Michael,Lorenzen,55,1/4/1992,"6' 1""",210,R,R
663992,Richard,Lovelady,55,7/7/1995,"6' 0""",185,L,L
695076,Rhett,Lowder,25,3/8/2002,"6' 1""",200,R,R
664040,Brandon,Lowe,5,7/6/1994,"5' 9""",181,L,R
663993,David,Lowe,46,7/7/1995,"6' 4""",220,L,R
666139,Joshua,Lowe,3,2/2/1998,"6' 3""",220,L,R
664192,Joseph,Lucchesi,,6/6/1993,"6' 5""",228,L,L
607625,Jacob,Lugo,67,11/17/1989,"6' 4""",225,R,R
683090,Matthew,Lugo,24,5/9/2001,"6' 0""",190,R,R
664770,Nathan,Lukes,38,7/12/1994,"5' 11""",180,L,R
666200,Jesús,Luzardo,44,9/30/1997,"6' 0""",218,L,L
663738,Daniel,Lynch,41,11/17/1996,"6' 6""",200,L,L
592518,Manuel,Machado,13,7/6/1992,"6' 2""",218,R,R
691788,Joseph,Mack,80,12/27/2002,"6' 0""",210,L,R
671936,Adam,Macko,71,12/30/2000,"6' 0""",170,L,L
680744,Tyler,Madden,36,2/21/2000,"6' 3""",215,R,R
663611,Nicklaus,Madrigal,,3/5/1997,"5' 7""",175,R,R
641816,Tyler,Mahle,54,9/29/1994,"6' 3""",212,R,R
571912,Luke,Maile,18,2/6/1991,"6' 3""",225,R,R
701162,Benjamin,Malgeri,53,1/12/2000,"6' 1""",215,R,R
640455,Sean,Manaea,59,2/1/1992,"6' 5""",245,R,L
641820,Joseph,Mancini,34,3/18/1992,"6' 3""",230,R,R
815081,Mark,Manfredi,54,1/28/2000,"6' 4""",210,R,L
663968,Jake,Mangum,28,3/8/1996,"5' 11""",191,S,L
666201,Alek,Manoah,47,1/9/1998,"6' 6""",285,R,R
573009,Joseph,Mantiply,35,3/1/1991,"6' 4""",219,R,L
700932,Kyle,Manzardo,9,7/18/2000,"5' 11""",205,L,R
665561,Rafael,Marchán,13,2/25/1999,"5' 9""",170,S,R
676760,Ronald,Marinaccio,,7/1/1995,"6' 2""",205,R,R
608566,Germán,Márquez,,2/22/1995,"6' 1""",230,R,R
805300,Jakob,Marsee,87,6/28/2001,"6' 0""",180,L,L
669016,Brandon,Marsh,16,12/18/1997,"6' 2""",215,L,R
606466,Ketel,Marte,4,10/12/1993,"6' 0""",210,S,R
682622,Noelvi,Marte,4,10/16/2001,"6' 2""",216,R,R
516782,Starling,Marte,0,10/9/1988,"6' 0""",195,R,R
805074,Yunior,Marte,87,8/9/2003,"6' 6""",236,R,R
628708,Yunior,Marte,,2/2/1995,"6' 2""",180,R,R
668885,Christopher,Martin,16,3/23/1999,"5' 10""",185,R,R
455119,Christopher,Martin,31,6/2/1986,"6' 8""",224,R,R
656686,Corbin,Martin,38,12/28/1995,"6' 2""",225,R,R
663436,Davis,Martin,65,1/4/1997,"6' 2""",215,L,R
702303,Riley,Martin,51,3/19/1998,"6' 1""",215,L,L
694680,Trevor,Martin,54,12/15/2000,"6' 5""",238,R,R
682657,Angel,Martínez,1,1/27/2002,"5' 11""",200,S,R
679885,Justin,Martinez,63,7/30/2001,"6' 3""",225,R,R
607259,Nicholas,Martinez,28,8/5/1990,"6' 1""",200,L,R
683079,Omar,Martinez,66,7/5/2001,"5' 11""",192,L,R
661527,Seth,Martinez,51,8/29/1994,"6' 2""",193,R,R
686681,Michael,Massey,19,3/22/1998,"6' 0""",195,L,R
670156,Miles,Mastrobuoni,21,10/31/1995,"5' 9""",185,L,R
622761,Jorge,Mateo,9,6/23/1995,"6' 0""",200,R,R
687273,Quinn,Mathews,60,10/4/2000,"6' 5""",188,L,L
664208,Phillip,Maton,88,3/25/1993,"6' 2""",206,R,R
682641,Luis,Matos,21,1/28/2002,"5' 11""",205,R,R
673513,Yuki,Matsui,1,10/30/1995,"5' 8""",165,L,L
694728,Brice,Matthews,0,3/16/2002,"5' 10""",190,R,R
805673,Daniel,Matthews,52,5/22/2000,"6' 5""",225,R,R
676755,Isaac,Mattson,72,7/14/1995,"6' 2""",214,R,R
571927,Steven,Matz,32,5/29/1991,"6' 2""",205,R,L
677595,Ronny,Mauricio,0,4/4/2001,"6' 3""",166,S,R
802408,Brycen,Mautz,52,7/17/2001,"6' 3""",190,L,L
687209,Zachary,Maxwell,78,1/26/2001,"6' 6""",275,R,R
669160,Dustin,May,21,9/6/1997,"6' 6""",180,R,R
691785,Marcelo,Mayer,,12/12/2002,"6' 3""",188,L,R
691723,Coby,Mayo,16,12/10/2001,"6' 5""",225,R,R
641835,Timothy,Mayza,37,1/15/1992,"6' 3""",215,L,L
807727,Charles,McAdoo,26,3/6/2002,"6' 0""",210,R,R
685112,Zachary,McCambley,62,5/4/1999,"6' 2""",225,L,R
543510,James,McCann,8,6/13/1990,"6' 2""",235,R,R
664983,Jacob,McCarthy,31,7/30/1997,"6' 0""",213,L,L
663556,Shane,McClanahan,18,4/28/1997,"6' 3""",210,L,L
687529,Grant,McCray,58,12/7/2000,"6' 1""",195,L,R
621121,Lance,McCullers,50,10/2/1993,"6' 1""",200,L,R
457705,Andrew,McCutchen,24,10/10/1986,"5' 10""",190,R,R
694646,Chayce,McDermott,43,8/22/1998,"6' 3""",190,L,R
686790,Trevor,McDonald,72,2/26/2001,"6' 0""",205,R,R
701780,Tanner,McDougal,55,4/9/2003,"6' 5""",185,R,R
686934,Alexander,McFarlane,71,6/9/2001,"6' 3""",215,R,R
668834,Easton,McGee,51,12/26/1997,"6' 7""",222,R,R
805808,Kevin,McGonigle,7,8/18/2004,"5' 9""",187,L,R
700241,Michael,McGreevy,36,7/8/2000,"6' 4""",220,L,R
624512,Reese,McGuire,30,3/2/1995,"6' 0""",230,L,R
656716,Zachary,McKinstry,39,4/29/1995,"5' 11""",180,L,R
680574,Matthew,McLain,9,8/6/1999,"5' 8""",180,R,R
690997,Nolan,McLean,26,7/24/2001,"6' 2""",214,R,R
641857,Ryan,McMahon,19,12/14/1994,"6' 2""",211,L,R
643446,Jeffrey,McNeil,22,4/8/1992,"6' 0""",195,L,R
678554,Curtis,Mead,11,10/26/2000,"6' 1""",225,R,R
678009,Parker,Meadows,22,11/2/1999,"6' 5""",205,L,R
683232,Nicolaus,Mears,31,10/7/1996,"6' 3""",217,R,R
685133,Wade,Meckler,53,4/21/2000,"5' 9""",190,L,R
682989,Victor,Mederos,58,6/8/2001,"6' 2""",222,R,R
665622,Luis,Medina,46,5/3/1999,"6' 1""",175,R,R
656730,Trevor,Megill,29,12/5/1993,"6' 8""",253,L,R
805367,Chase,Meidroth,10,7/23/2001,"5' 9""",190,R,R
675848,Juan,Mejia,47,7/4/2000,"6' 3""",210,R,R
669004,Mervyl,Melendez,1,11/29/1998,"6' 0""",190,L,R
675512,Troy,Melton,52,12/3/2000,"6' 4""",210,R,R
608841,Joey,Meneses,13,5/6/1992,"6' 4""",235,R,R
701538,Jackson,Merrill,3,4/19/2003,"6' 2""",195,L,R
683748,Victor,Mesa,25,9/8/2001,"5' 11""",195,L,L
800048,Parker,Messick,77,10/26/2000,"6' 0""",225,L,L
682825,Luis,Mey,47,6/24/2001,"6' 5""",235,R,R
676974,Max,Meyer,23,3/12/1999,"6' 0""",196,L,R
676694,Jacob,Meyers,6,6/18/1996,"6' 0""",200,R,L
571945,Miles,Mikolas,36,8/23/1988,"6' 4""",230,R,R
693686,Spencer,Miles,62,7/26/2000,"6' 3""",180,L,R
686452,Andrew,Millas,14,1/15/1998,"6' 0""",204,S,R
682243,Bryce,Miller,50,8/23/1998,"6' 2""",200,R,R
669062,Erik,Miller,67,2/13/1998,"6' 5""",269,L,L
695243,Mason,Miller,22,8/24/1998,"6' 5""",200,R,R
680911,Owen,Miller,66,11/15/1996,"5' 11""",197,R,R
670090,Gregory,Mills,,1/25/1995,"6' 4""",220,R,R
571948,Hoby,Milner,41,1/13/1991,"6' 3""",187,L,L
621345,Alex,Minter,33,9/2/1993,"6' 0""",215,L,L
694819,Jacob,Misiorowski,32,4/3/2002,"6' 7""",201,R,R
670224,Kameron,Misner,18,1/9/1998,"6' 3""",220,L,L
669003,Garrett,Mitchell,5,9/4/1998,"6' 2""",229,L,R
663554,Casey,Mize,32,5/1/1997,"6' 3""",212,R,R
669387,Carmen,Mlodzinski,50,2/19/1999,"6' 2""",210,R,R
683627,Anthony,Molina,45,1/12/2002,"6' 1""",170,R,R
594580,Samuel,Moll,50,1/3/1992,"5' 9""",190,L,L
655316,Andruw,Monasterio,32,5/30/1997,"5' 11""",195,R,R
660162,Yoán,Moncada,10,5/27/1995,"6' 0""",220,S,R
666160,McKenzie,Moniak,22,5/13/1998,"6' 1""",209,L,R
672456,Keider,Montero,54,7/6/2000,"6' 1""",145,R,R
687287,Patrick,Monteverde,44,9/24/1997,"6' 2""",200,R,L
695731,Braden,Montgomery,24,4/16/2003,"6' 2""",220,S,R
695657,Colson,Montgomery,12,2/27/2002,"6' 3""",230,L,R
656756,Jordan,Montgomery,52,12/27/1992,"6' 6""",228,L,L
682254,Mason,Montgomery,46,6/17/2000,"6' 2""",205,L,L
695681,Christian,Moore,4,10/21/2002,"6' 0""",210,R,R
664238,Dylan,Moore,25,8/2/1992,"6' 1""",205,R,R
703492,Nicholas,Morabito,55,5/7/2003,"5' 10""",185,R,R
806960,Luis,Morales,19,9/24/2002,"6' 3""",200,R,R
663558,Jovani,Moran,47,4/24/1997,"6' 1""",167,L,L
670970,Adrian,Morejon,50,2/27/1999,"5' 11""",224,L,L
666624,Christopher,Morel,28,6/24/1999,"6' 0""",200,R,R
672515,Gabriel,Moreno,14,2/14/2000,"5' 9""",200,R,R
688158,David,Morgan,66,10/26/1999,"6' 0""",185,R,R
669212,Elijah,Morgan,,5/13/1996,"5' 10""",190,R,R
666661,Juan,Morillo,62,3/19/1999,"6' 1""",215,R,R
702193,Andrew,Morris,78,9/1/2001,"6' 0""",195,R,R
695034,Kade,Morris,67,6/21/2002,"6' 3""",190,R,R
663624,Ryan,Mountcastle,6,2/18/1997,"6' 3""",230,R,R
656775,Boyce,Mullins,31,10/1/1994,"5' 7""",175,L,L
571970,Maxwell,Muncy,13,8/25/1990,"5' 10""",215,L,R
691777,Maxwell,Muncy,3,8/25/2002,"6' 0""",180,R,R
662253,Andrés,Muñoz,75,1/16/1999,"6' 2""",222,R,R
682610,Roddery,Muñoz,46,4/14/2000,"6' 2""",210,R,R
691548,Rolddy,Muñoz,67,4/14/2000,"6' 2""",183,R,R
808959,Munetaka,Murakami,5,2/2/2000,"6' 2""",213,L,R
668716,Noah,Murdock,58,8/20/1998,"6' 8""",234,R,R
669684,Christopher,Murphy,38,6/5/1998,"6' 1""",186,L,L
684665,Luke,Murphy,72,11/5/1999,"6' 5""",190,R,R
702566,Owen,Murphy,73,9/27/2003,"6' 1""",190,R,R
669221,Sean,Murphy,12,10/4/1994,"6' 3""",228,R,R
681151,Jayden,Murray,70,4/11/1997,"6' 1""",190,R,R
695020,Tanner,Murray,41,9/3/1999,"6' 1""",190,R,R
656786,Parker,Mushinski,67,11/22/1995,"6' 0""",220,L,L
667472,Dane,Myers,17,3/8/1996,"6' 0""",205,R,R
668964,Tobias,Myers,32,8/5/1998,"6' 1""",223,R,R
667297,Thomas,Nance,35,3/19/1991,"6' 6""",235,R,R
677053,Andrew,Nardi,43,8/18/1998,"6' 3""",215,L,L
665966,Carlos,Narváez,75,11/26/1998,"5' 11""",190,R,R
696519,Samuel,Natera,52,11/5/1999,"6' 4""",230,L,L
640459,Brian,Navarreto,64,12/29/1994,"6' 1""",233,R,R
647304,Joshua-Douglas,Naylor,12,6/22/1997,"5' 10""",235,L,L
666310,Noah,Naylor,14,2/21/2000,"5' 9""",205,L,R
669194,Ryne,Nelson,19,2/1/1998,"6' 3""",210,R,R
687263,Zachary,Neto,9,1/31/2001,"5' 11""",185,R,R
656794,Sean,Newcomb,15,6/12/1993,"6' 5""",255,L,L
693312,Kyle,Nicolas,,2/22/1999,"6' 3""",216,R,R
680951,Douglas,Nikhazy,,8/11/1999,"6' 0""",210,L,L
607043,Brandon,Nimmo,24,3/27/1993,"6' 1""",206,L,R
807747,Rikuu,Nishida,51,5/6/2001,"5' 6""",150,L,R
605400,Aaron,Nola,27,6/4/1993,"6' 2""",200,R,R
663457,Lars,Nootbaar,21,9/8/1997,"6' 1""",205,L,R
681393,Connor,Norby,35,6/8/2000,"5' 10""",180,R,R
689296,Anthony,Nunez,66,7/10/2001,"6' 2""",220,S,R
673380,Dedniel,Núñez,72,6/5/1996,"6' 2""",180,R,R
683083,Nasim,Nuñez,26,8/18/2000,"5' 8""",165,S,R
676617,Riley,O'Brien,61,2/6/1995,"6' 4""",180,R,R
656811,Ryan,O'Hearn,29,7/26/1993,"6' 2""",220,L,L
681351,Logan,O'Hoppe,4,2/9/2000,"6' 2""",225,R,R
641933,Tyler,O'Neill,9,6/22/1995,"5' 9""",200,R,R
641927,John,Ober,17,7/12/1995,"6' 9""",260,R,R
660271,Shohei,Ohtani,17,7/5/1994,"6' 4""",210,L,R
672960,Kazuma,Okamoto,7,6/30/1996,"6' 1""",220,R,R
595345,Steven,Okert,48,7/9/1991,"6' 2""",202,L,L
681544,Christopher,Olds,75,8/5/1999,"6' 0""",183,R,R
666931,Jared,Oliva,,11/27/1995,"6' 2""",202,R,R
621566,Matthew,Olson,28,3/29/1994,"6' 4""",225,L,R
680716,Jonathan,Ornelas,13,5/26/2000,"6' 1""",196,R,R
694673,Abimelec,Ortiz,81,2/22/2002,"5' 10""",230,L,L
687401,Joseph,Ortiz,3,7/14/1998,"5' 10""",192,R,R
679358,Eric,Orze,19,8/21/1997,"6' 4""",205,R,R
696030,Tadeo,Osuna,19,10/10/2002,"5' 9""",185,L,L
681546,James,Outman,43,5/14/1997,"6' 2""",215,L,R
670912,Johan,Oviedo,29,3/2/1998,"6' 6""",275,R,R
542303,Marcell,Ozuna,24,11/12/1990,"6' 1""",251,R,R
665506,Cristian,Pache,71,11/19/1998,"6' 2""",215,R,R
663978,Christopher,Paddack,40,1/8/1996,"6' 5""",217,R,R
699151,Jedixson,Paez,,1/17/2004,"6' 1""",170,R,R
641941,Emilio,Pagán,15,5/7/1991,"6' 2""",208,L,R
681624,Andy,Pages,44,12/8/2000,"6' 1""",212,R,R
686780,Pedro,Pagés,43,9/17/1998,"5' 11""",245,R,R
691725,Andrew,Painter,24,4/10/2003,"6' 7""",215,R,R
680700,Richard,Palacios,1,5/16/1997,"5' 8""",185,L,R
694037,Daniel,Palencia,48,2/5/2000,"5' 11""",160,R,R
669467,Neil,Pallante,53,9/18/1998,"6' 0""",215,R,R
688883,Peyton,Pallette,,5/9/2001,"6' 1""",190,R,R
687223,Carson,Palmquist,51,10/17/2000,"6' 3""",206,L,L
623381,Thomas,Pannone,33,4/28/1994,"6' 0""",205,L,L
670623,Isaac,Paredes,15,2/18/1999,"5' 11""",213,R,R
702474,Michael,Paredes,53,7/27/2000,"5' 11""",185,R,R
680730,Mitchell,Parker,70,9/27/1999,"6' 4""",239,L,L
686469,Vincent,Pasquantino,9,10/10/1997,"6' 3""",245,L,L
694477,Chandler,Patrick,39,8/14/1998,"6' 1""",217,R,R
688363,Graham,Pauley,21,9/24/2000,"6' 1""",200,L,R
606303,Joel,Payamps,34,4/7/1994,"6' 3""",214,R,R
663878,Nathan,Pearson,61,8/20/1996,"6' 6""",255,R,R
807726,John,Peck,18,7/18/2002,"6' 0""",185,R,R
814490,Ethan,Pecko,70,8/25/2002,"6' 2""",195,R,R
592626,Joc,Pederson,3,4/21/1992,"6' 1""",220,L,L
666711,Joel,Peguero,63,5/5/1997,"5' 10""",195,R,R
665161,Jeremy,Peña,3,9/22/1997,"6' 0""",202,R,R
687239,Benjamin,Peoples,70,5/1/2001,"6' 1""",175,L,R
691384,Luis,Perales,43,4/14/2003,"6' 0""",160,R,R
642547,Freddy,Peralta,51,6/4/1996,"6' 0""",198,R,R
671111,Samuel,Peralta,67,5/10/1998,"6' 1""",214,L,L
593974,Wandy,Peralta,58,7/27/1991,"6' 0""",227,L,L
672724,Oswald,Peraza,2,6/15/2000,"5' 11""",200,R,R
672695,Geraldo,Perdomo,2,10/22/1999,"6' 2""",210,S,R
640902,Jhonny,Pereda,5,4/18/1996,"6' 1""",202,R,R
677592,Everson,Pereira,21,4/10/2001,"5' 11""",203,R,R
672335,Cionel,Pérez,52,4/21/1996,"6' 0""",175,R,L
691587,Eury,Pérez,39,4/15/2003,"6' 8""",220,R,R
678577,Junior,Perez,37,7/4/2001,"6' 0""",165,R,R
527048,Martín,Pérez,33,4/4/1991,"6' 0""",210,L,L
521692,Salvador,Perez,13,5/10/1990,"6' 2""",255,R,R
672761,Wenceel,Pérez,46,10/30/1999,"5' 11""",203,S,R
663368,Blake,Perkins,,9/10/1996,"6' 0""",185,S,R
678022,Jackson,Perkins,50,12/26/1999,"6' 1""",220,R,R
671976,Tristan,Peters,29,2/29/2000,"6' 0""",180,L,R
656848,Michael,Petersen,49,5/16/1994,"6' 7""",195,R,R
656849,David,Peterson,19,9/3/1995,"6' 6""",240,L,L
695534,Chase,Petty,61,4/4/2003,"6' 1""",190,R,R
694297,Brandon,Pfaadt,32,10/15/1998,"6' 4""",220,R,R
502054,Thomas,Pham,28,3/8/1988,"6' 1""",225,R,R
683175,Connor,Phillips,34,5/4/2001,"6' 2""",209,R,R
623465,Evan,Phillips,59,9/11/1994,"6' 2""",215,R,R
663969,Tyler,Phillips,30,10/27/1997,"6' 5""",225,R,R
682818,Yohendrick,Pinango,24,5/7/2002,"5' 10""",170,L,L
687605,Andrew,Pinckney,45,12/7/2000,"6' 4""",215,R,R
702752,Jonathan,Pintaro,91,11/7/1997,"6' 2""",235,R,R
700652,Kenneth,Piper,50,7/12/1998,"5' 10""",190,R,R
601713,Nicholas,Pivetta,27,2/14/1993,"6' 5""",210,R,R
593871,Jorge,Polanco,11,7/5/1993,"6' 0""",208,S,R
519141,Thomas,Pomeranz,47,11/22/1988,"6' 5""",246,R,L
664074,Cody,Ponce,66,4/25/1994,"6' 6""",255,R,R
647315,Zachery,Pop,,9/20/1996,"6' 4""",220,R,R
682515,Logan,Porter,33,7/12/1995,"5' 11""",212,R,R
676571,Peter,Poulin,50,7/25/1996,"6' 1""",195,R,L
700249,Cade,Povich,37,4/12/2000,"6' 3""",200,L,L
650968,Yohel,Pozo,79,6/14/1997,"5' 11""",201,R,R
806198,Cooper,Pratt,12,8/18/2004,"6' 4""",210,R,R
805672,Collin,Price,37,11/15/1999,"6' 4""",225,R,R
687570,Connor,Prielipp,61,1/10/2001,"6' 2""",210,L,L
693409,Cesar,Prieto,31,5/10/1999,"5' 9""",195,L,R
690155,Matthew,Pushard,,10/27/1997,"6' 4""",250,R,R
615698,Cal,Quantrill,44,2/10/1995,"6' 3""",195,L,R
700337,Edgar,Quero,26,4/6/2003,"5' 10""",205,S,R
691620,Jeferson,Quero,15,10/8/2002,"6' 0""",203,R,R
500779,Jose,Quintana,62,1/24/1989,"6' 2""",224,R,L
678882,Ceddanne,Rafaela,3,9/18/2000,"5' 10""",165,R,R
666142,Cole,Ragans,55,12/12/1997,"6' 4""",190,L,L
663432,Tanner,Rainey,56,12/25/1992,"6' 3""",245,R,R
691008,Maxwel,Rajcic,71,8/3/2001,"6' 0""",240,R,R
663728,Caleb,Raleigh,29,11/26/1996,"6' 2""",235,S,R
548384,Brooks,Raley,30,6/29/1988,"6' 3""",200,L,L
670042,Lucas,Raley,20,9/19/1994,"6' 3""",235,L,R
667652,Jack,Ralston,79,8/13/1997,"6' 6""",231,R,R
682663,Agustín,Ramírez,50,9/10/2001,"6' 1""",210,R,R
608070,José,Ramírez,11,9/17/1992,"5' 8""",190,S,R
699393,Pedro,Ramírez,75,4/1/2004,"5' 9""",165,S,R
670990,Yohan,Ramírez,49,5/6/1995,"6' 3""",205,R,R
671218,Heliot,Ramos,34,9/7/1999,"5' 11""",235,R,R
678576,Wilkin,Ramos,71,10/31/2000,"6' 6""",192,R,R
660604,Alan,Rangel,57,8/21/1997,"6' 2""",170,R,R
675919,Nick,Raquet,72,12/12/1995,"6' 0""",215,R,L
688497,Taylor,Rashi,65,1/15/1996,"6' 4""",220,R,R
656876,Drew,Rasmussen,57,7/27/1995,"6' 1""",240,R,R
670231,John,Rave,16,12/30/1997,"5' 10""",194,L,L
592662,Robert,Ray,38,10/1/1991,"6' 2""",220,L,L
694397,Marco,Raya,54,8/7/2002,"6' 1""",170,R,R
607067,Colin,Rea,53,7/1/1990,"6' 5""",220,R,R
592663,Jacob,Realmuto,10,3/18/1991,"6' 0""",212,R,R
608701,Robert,Refsnyder,30,3/26/1991,"5' 11""",215,R,R
650859,Luis,Rengifo,21,2/26/1997,"5' 9""",204,S,R
694025,Felix,Reyes,29,3/26/2001,"6' 3""",195,R,R
668804,Bryan,Reynolds,10,1/27/1995,"6' 2""",210,S,R
687377,Orlando,Ribalta,64,3/5/1998,"6' 7""",245,R,R
700250,Benjamin,Rice,22,2/22/1999,"6' 2""",228,L,R
670950,Trevor,Richards,43,5/15/1993,"6' 2""",205,R,R
680689,Lyon,Richardson,,1/18/2000,"6' 2""",207,S,R
663586,Michael,Riley,27,4/2/1997,"6' 1""",225,R,R
687282,Gabriel,Rincones,17,3/3/2001,"6' 3""",225,L,R
605441,Yacksel,Ríos,,6/27/1993,"6' 3""",215,R,R
702275,Ian,Ritchie,60,6/26/2003,"6' 2""",185,R,R
690022,Ryan,Ritter,8,11/10/2000,"6' 1""",209,R,R
660844,Leonardo,Rivas,76,10/10/1997,"5' 7""",150,S,R
700842,Eduardo,Rivera,99,6/13/2003,"6' 7""",237,L,L
665861,Sebastián,Rivero,38,11/16/1998,"6' 1""",210,R,R
685005,Christian,Roa,,4/2/1999,"6' 4""",220,R,R
673357,Luis,Robert,,8/3/1997,"6' 2""",225,R,R
681799,Ethan,Roberts,39,7/4/1997,"5' 10""",180,R,R
642020,Charles,Robinson,,12/14/1994,"6' 0""",215,R,R
645302,Victor,Robles,10,5/19/1997,"6' 0""",193,R,R
677587,Brayan,Rocchio,4,1/13/2001,"5' 9""",170,S,R
697812,Joseph,Rock,,7/29/2000,"6' 6""",220,L,L
677958,Kumar,Rocker,80,11/22/1999,"6' 5""",245,R,R
801126,Brock,Rodden,90,5/25/2000,"5' 7""",170,S,R
702176,Alan,Roden,18,12/22/1999,"5' 11""",215,L,R
607074,Carlos,Rodón,55,12/10/1992,"6' 2""",255,L,L
699134,Bradgley,Rodriguez,72,11/16/2003,"6' 1""",160,R,R
692230,Carlos,Rodriguez,27,11/27/2001,"5' 11""",203,R,R
593958,Eduardo,Rodriguez,57,4/7/1993,"6' 2""",231,L,L
695684,Elmer,Rodríguez,71,8/18/2003,"6' 4""",177,L,R
682848,Endy,Rodríguez,13,5/26/2000,"6' 0""",207,S,R
680570,Grayson,Rodriguez,21,11/16/1999,"6' 5""",230,L,R
699302,Héctor,Rodríguez,43,3/11/2004,"5' 10""",200,L,R
683679,Jesus,Rodriguez,79,4/23/2002,"5' 10""",201,R,R
671286,Johnathan,Rodríguez,,11/4/1999,"6' 2""",224,R,R
677594,Julio,Rodríguez,44,12/29/2000,"6' 4""",228,R,R
655889,Manuel,Rodríguez,39,8/6/1996,"5' 11""",205,R,R
684320,Yariel,Rodriguez,29,3/10/1997,"6' 0""",165,R,R
668670,Jacob,Rogers,28,4/18/1995,"5' 11""",201,R,R
573124,Taylor,Rogers,55,12/17/1990,"6' 3""",190,L,L
669432,Trevor,Rogers,28,11/13/1997,"6' 5""",230,L,L
643511,Tyler,Rogers,71,12/17/1990,"6' 3""",180,R,R
668942,Joshua,Rojas,40,6/30/1994,"6' 1""",200,L,R
696070,Kendry,Rojas,60,11/26/2002,"6' 2""",190,L,L
500743,Miguel,Rojas,72,2/24/1989,"5' 10""",188,R,R
669020,Ryan,Rolison,33,7/11/1997,"6' 2""",213,R,L
680723,Drew,Rom,39,12/15/1999,"6' 1""",225,L,L
605447,Jordan,Romano,68,4/21/1993,"6' 5""",210,R,R
668941,Joseph,Romero,33,9/9/1996,"5' 11""",215,L,L
691011,Drew,Romo,36,8/29/2001,"6' 0""",205,S,R
667670,Terry,Rooker,25,11/1/1994,"6' 3""",225,R,R
666163,Benjamin,Rortvedt,47,9/25/1997,"5' 10""",210,L,R
642708,German,Rosario,14,11/20/1995,"6' 1""",227,R,R
605452,Joseph,Ross,41,5/21/1993,"6' 4""",243,R,R
676566,Shawn,Ross,,9/30/1999,"6' 0""",215,R,R
694738,Landen,Roupp,65,9/10/1998,"6' 2""",220,R,R
694820,Braxton,Roxby,90,3/12/1999,"6' 3""",231,R,R
688297,Chris,Roycroft,56,6/21/1997,"6' 8""",230,R,R
621074,Michael,Rucker,38,4/27/1994,"6' 1""",195,R,R
665923,Esteury,Ruiz,3,2/15/1999,"5' 11""",169,R,R
660688,Keibert,Ruiz,20,7/20/1998,"5' 11""",238,S,R
681198,Toby,Rumfield,7,5/17/2000,"6' 5""",238,L,R
687221,Dalton,Rushing,68,2/21/2001,"6' 0""",220,L,R
671131,Jackson,Rutledge,79,4/1/1999,"6' 8""",241,R,R
668939,Adley,Rutschman,31,2/6/1998,"6' 1""",230,S,R
657746,Joseph,Ryan,41,6/5/1996,"6' 2""",205,R,R
681870,Erik,Sabrowski,62,10/31/1997,"6' 4""",230,R,L
695336,Thomas,Saggese,25,4/10/2002,"5' 10""",185,R,R
663967,César,Salazar,18,3/15/1996,"5' 8""",198,L,R
519242,Christopher,Sale,51,3/30/1989,"6' 6""",180,L,L
701719,Robert,Samaniego,78,1/30/1999,"6' 4""",205,R,L
645305,Ali,Sánchez,39,1/20/1997,"6' 0""",200,R,R
650911,Cristopher,Sánchez,61,12/12/1996,"6' 6""",200,L,L
596142,Gary,Sánchez,99,12/2/1992,"6' 2""",251,R,R
660821,Jesús,Sánchez,12,10/7/1997,"6' 3""",222,L,R
676742,Cam,Sanders,73,12/9/1996,"6' 2""",215,R,R
689818,David,Sandlin,54,2/21/2001,"6' 4""",215,R,R
680704,Nick,Sandlin,,1/10/1997,"5' 11""",175,R,R
663776,Patrick,Sandoval,43,10/18/1996,"6' 3""",190,L,L
663485,Bryson,Sands,44,7/17/1997,"6' 3""",215,R,R
665665,Reiver,Sanmartin,48,4/15/1996,"6' 1""",188,L,L
691594,Javier,Sanoja,8,9/3/2002,"5' 7""",150,R,R
695001,Alimber,Santa,72,5/3/2003,"5' 10""",228,R,R
467793,Carlos,Santana,41,4/8/1986,"5' 10""",210,S,R
642701,Dennis,Santana,59,4/12/1996,"6' 2""",202,R,R
663574,Antonio,Santillan,64,4/15/1997,"6' 3""",285,R,R
666619,Gregory,Santos,57,8/28/1999,"6' 3""",236,R,R
692437,Winston,Santos,47,4/15/2002,"6' 0""",160,R,R
808963,Roki,Sasaki,11,11/3/2001,"6' 2""",187,R,R
642048,Tayler,Saucedo,55,6/18/1993,"6' 4""",205,L,L
694384,Nolan,Schanuel,18,2/14/2002,"6' 2""",220,L,R
453286,Maxwell,Scherzer,31,7/27/1984,"6' 3""",208,R,R
693645,Cameron,Schlittler,31,2/5/2001,"6' 6""",215,R,R
669477,Casey,Schmitt,10,3/1/1999,"6' 0""",215,R,R
682177,Daniel,Schneemann,10,1/23/1997,"6' 0""",185,L,R
676914,Davis,Schneider,36,1/26/1999,"5' 8""",190,R,R
669947,Jesse,Scholtens,65,4/6/1994,"6' 4""",240,R,R
670167,John,Schreiber,,3/5/1994,"6' 2""",224,R,R
680474,Maxwell,Schuemann,30,6/11/1997,"6' 0""",198,R,R
702273,Noah,Schultz,22,8/5/2003,"6' 10""",240,L,L
687606,Paxton,Schultz,75,1/5/1998,"6' 3""",205,L,R
656941,Kyle,Schwarber,12,3/5/1993,"5' 11""",229,L,R
805326,Tyler,Schweitzer,62,9/19/2000,"6' 0""",185,L,L
681035,Christian,Scott,45,6/15/1999,"6' 4""",215,R,R
656945,Tanner,Scott,66,7/22/1994,"6' 0""",235,R,L
687363,Victor,Scott,11,2/12/2001,"5' 10""",190,L,L
657756,Connor,Seabold,43,1/24/1996,"6' 2""",190,R,R
608369,Corey,Seager,5,4/27/1994,"6' 4""",215,L,R
808825,Andrew,Sears,64,8/30/2002,"6' 3""",200,L,L
676664,John,Sears,39,2/19/1996,"5' 11""",180,R,L
676910,Matthew,Seelinger,73,4/19/1995,"6' 3""",190,R,R
678011,Anthony,Seigler,48,6/20/1999,"5' 9""",192,S,S
543760,Marcus,Semien,10,9/17/1990,"6' 0""",195,R,R
673540,Kodai,Senga,34,1/30/1993,"6' 1""",202,L,R
663584,Hayden,Senger,6,4/3/1997,"6' 1""",210,R,R
622608,Antonio,Senzatela,49,1/21/1995,"6' 1""",235,R,R
691858,Jared,Serna,68,6/1/2002,"5' 7""",174,R,R
661531,Brian,Serven,10,5/5/1995,"6' 0""",207,R,R
622663,Luis,Severino,40,2/20/1994,"6' 2""",218,R,R
623149,Paul,Sewald,43,5/26/1990,"6' 3""",219,R,R
693313,Carson,Seymour,77,12/16/1998,"6' 5""",264,R,R
693855,Ian,Seymour,61,12/13/1998,"6' 0""",215,L,L
807713,Matthew,Shaw,6,11/6/2001,"5' 10""",185,R,R
686218,George,Sheehan,80,11/15/1999,"6' 5""",220,R,R
657757,Gavin,Sheets,30,4/23/1996,"6' 3""",235,L,L
669699,Braden,Shewmake,,11/19/1997,"6' 3""",200,L,R
669298,Franklin,Shook,52,5/29/1998,"6' 4""",217,R,R
670097,Zachary,Short,40,5/29/1995,"5' 10""",180,R,R
663767,Chase,Shugart,55,10/24/1996,"5' 11""",200,L,R
694363,Jared,Shuster,68,8/3/1998,"6' 3""",220,L,L
672279,Michael,Siani,,7/16/1999,"5' 11""",195,L,L
681217,Chase,Silseth,63,5/18/2000,"6' 0""",217,R,R
682927,Ronny,Simon,63,4/17/2000,"5' 8""",196,S,R
802415,Chandler,Simpson,14,11/18/2000,"5' 11""",170,L,R
681006,Joshua,Simpson,37,8/19/1997,"6' 2""",190,L,L
608371,Lucas,Sims,,5/10/1994,"6' 2""",213,R,R
663903,Brady,Singer,51,8/4/1996,"6' 5""",215,R,R
642350,Jose,Siri,28,7/22/1995,"6' 2""",210,R,R
681895,Samuel,Sisk,48,4/23/1997,"6' 2""",214,L,L
694973,Paul,Skenes,30,5/29/2002,"6' 6""",260,R,R
669373,Tarik,Skubal,29,11/20/1996,"6' 3""",240,R,L
686580,Justin,Slaten,63,9/15/1997,"6' 4""",222,R,R
596103,Austin,Slater,,12/13/1992,"6' 1""",205,R,R
572143,Burch,Smith,65,4/12/1990,"6' 4""",225,R,R
671922,Cade,Smith,36,5/9/1999,"6' 5""",230,R,R
701358,Cameron,Smith,11,2/22/2003,"6' 3""",224,R,R
642086,Dominic,Smith,8,6/15/1995,"5' 11""",224,L,L
681916,Dylan,Smith,66,5/28/2000,"6' 2""",180,R,R
696146,Hagen,Smith,32,8/19/2003,"6' 3""",235,L,L
669701,Josh,Smith,9,8/7/1997,"5' 9""",172,L,R
656976,Pavin,Smith,26,2/6/1996,"6' 2""",208,L,L
681343,Shane,Smith,64,4/4/2000,"6' 3""",240,R,R
669257,William,Smith,16,3/28/1995,"5' 10""",195,R,R
700363,AJ,Smith-Shawver,32,11/20/2002,"6' 3""",205,R,R
605483,Blake,Snell,7,12/4/1992,"6' 4""",225,L,L
702281,Robert,Snelling,61,12/19/2003,"6' 3""",210,R,L
691016,Tyler,Soderstrom,21,11/24/2001,"6' 2""",200,L,R
686765,Nicholas,Sogard,20,9/9/1997,"6' 1""",189,S,R
669256,Nicholas,Solak,15,1/11/1995,"5' 9""",185,R,R
624585,Jorge,Soler,12,2/25/1992,"6' 3""",235,R,R
686678,Chase,Solesky,,9/26/1997,"6' 3""",201,R,R
805427,Drew,Sommers,51,8/14/2000,"6' 3""",250,L,L
823550,Sung-Mun,Song,24,8/29/1996,"6' 0""",194,L,R
666277,George,Soriano,65,3/24/1999,"6' 2""",210,R,R
667755,José,Soriano,40,10/20/1998,"6' 3""",220,R,R
647336,Michael,Soroka,34,8/4/1997,"6' 5""",250,R,R
624641,Edmundo,Sosa,33,3/6/1996,"5' 11""",210,R,R
672820,Lenyn,Sosa,50,1/25/2000,"5' 11""",210,R,R
642397,Gregory,Soto,31,2/11/1995,"6' 1""",247,L,L
665742,Juan,Soto,22,10/25/1998,"6' 1""",224,L,L
656986,John,Sousa,62,4/6/1995,"6' 3""",220,L,L
642100,Gabriel,Speier,55,4/12/1995,"5' 11""",200,L,L
828599,Lucas,Spence,28,1/27/2003,"6' 0""",195,L,L
687765,Mitch,Spence,54,5/6/1998,"6' 1""",185,R,R
543807,George,Springer,4,9/19/1989,"6' 1""",220,R,R
605488,Jeffrey,Springs,59,9/20/1992,"6' 3""",218,L,L
687075,Brandon,Sproat,23,9/17/2000,"6' 3""",205,R,R
668831,Garrett,Stallings,31,8/8/1997,"6' 1""",218,R,R
592773,Ryne,Stanek,55,7/26/1991,"6' 4""",226,R,R
519317,Giancarlo,Stanton,27,11/8/1989,"6' 5""",245,R,R
668715,Spencer,Steer,7,12/7/1997,"5' 9""",185,R,R
683021,Michael,Stefanic,17,2/24/1996,"5' 9""",180,R,R
663886,Tyler,Stephenson,37,8/16/1996,"6' 3""",225,R,R
686993,Justin,Sterner,60,8/29/1996,"6' 1""",215,R,R
677060,Chad,Stevens,39,2/3/1999,"6' 3""",218,R,R
592779,Brock,Stewart,41,10/3/1991,"6' 3""",220,L,R
701398,Sal,Stewart,27,12/7/2003,"6' 1""",224,R,R
476594,Robert,Stock,89,11/21/1989,"6' 1""",260,L,R
596115,Trevor,Story,10,11/15/1992,"6' 1""",209,R,R
681082,Bryson,Stott,5,10/6/1997,"6' 0""",200,L,R
669065,Kyle,Stowers,28,1/2/1998,"6' 2""",215,L,L
621381,Matthew,Strahm,25,11/12/1991,"6' 2""",190,R,L
676702,Hunter,Stratton,63,11/17/1996,"6' 4""",225,R,R
664702,Myles,Straw,3,10/17/1994,"5' 9""",178,R,R
675911,Spencer,Strider,99,10/28/1998,"6' 0""",195,R,R
669704,Randall,Strowd,24,9/17/1997,"6' 2""",200,R,R
657265,Peter,Strzelecki,58,10/24/1994,"6' 2""",210,R,R
596117,Garrett,Stubbs,21,5/26/1993,"5' 9""",170,L,R
544150,Albert,Suárez,50,10/8/1989,"6' 3""",235,R,R
553993,Eugenio,Suárez,28,7/18/1991,"5' 11""",213,R,R
660761,José,Suarez,54,1/3/1998,"5' 10""",225,L,L
624133,Ranger,Suarez,55,8/26/1995,"6' 1""",217,L,L
663158,Robert,Suarez,75,3/1/1991,"6' 2""",210,R,R
608372,Tomoyuki,Sugano,11,10/11/1989,"6' 1""",227,R,R
664954,Brett,Sullivan,26,2/22/1994,"5' 11""",190,L,R
807743,Sean,Sullivan,45,7/22/2002,"6' 4""",200,R,L
642121,Cole,Sulser,71,3/12/1990,"6' 0""",200,R,R
691740,Daniel,Susac,6,5/14/2001,"6' 5""",210,R,R
608718,Brent,Suter,39,8/29/1989,"6' 4""",213,L,L
673548,Seiya,Suzuki,27,8/18/1994,"5' 11""",182,R,R
694335,Matthew,Svanson,49,1/31/1999,"6' 5""",235,R,R
621020,James,Swanson,7,2/11/1994,"6' 0""",190,R,R
592791,Jameson,Taillon,56,11/18/1991,"6' 5""",230,R,R
665487,Fernando,Tatis,23,1/2/1999,"6' 3""",217,R,R
665750,Leody,Taveras,30,9/8/1998,"6' 2""",210,S,R
694374,Timothy,Tawa,13,4/7/1999,"5' 11""",205,R,R
691799,Grant,Taylor,31,5/20/2002,"6' 3""",230,R,R
669392,Samad,Taylor,0,7/11/1998,"5' 8""",160,R,R
621438,Tyrone,Taylor,55,1/22/1994,"6' 0""",218,R,R
691019,Kyle,Teel,8,2/15/2002,"5' 11""",210,L,R
642133,Ryan,Tellez,44,3/16/1995,"6' 3""",273,L,L
677588,José,Tena,8,3/20/2001,"5' 10""",195,L,R
678906,Kai-Wei,Teng,17,12/1/1998,"6' 4""",241,R,R
693713,Emiliano,Teodo,56,2/14/2001,"6' 1""",165,R,R
669326,Bryce,Teodosio,22,6/18/1999,"6' 2""",220,R,L
573204,Caleb,Thielbar,24,1/31/1987,"6' 0""",205,R,L
677950,Alek,Thomas,9,4/28/2000,"5' 9""",175,L,L
687515,Colby,Thomas,,1/26/2001,"5' 10""",190,R,R
657041,Lane,Thomas,20,8/23/1995,"5' 11""",195,R,R
671162,Sidney,Thomas,50,5/29/1998,"6' 0""",200,L,L
624522,Keegan,Thompson,34,3/13/1995,"6' 1""",197,R,R
657044,Ryan,Thompson,81,6/26/1992,"6' 5""",210,R,R
694514,Sterlin,Thompson,30,6/26/2001,"6' 3""",209,L,R
663423,Trent,Thornton,49,9/30/1993,"6' 0""",190,R,R
804267,Zachary,Thornton,49,1/17/2002,"6' 3""",170,L,L
694918,Janzen,Tidwell,46,6/8/2001,"6' 3""",244,R,R
694357,Tariq,Tiedemann,33,8/18/2002,"6' 4""",220,L,L
669911,Michael,Toglia,48,8/16/1998,"6' 5""",226,S,L
686475,Tyler,Tolbert,2,1/27/1998,"5' 10""",185,R,R
801139,Payton,Tolle,70,11/1/2002,"6' 6""",250,L,L
680899,Erik,Tolman,73,6/3/1999,"6' 2""",193,L,L
804636,Jonah,Tong,21,6/19/2003,"6' 1""",180,R,R
623437,Justin,Topa,56,3/7/1991,"6' 4""",200,R,R
679529,Spencer,Torkelson,20,8/26/1999,"6' 1""",220,R,R
620443,Luis,Torrens,13,5/2/1996,"5' 11""",217,R,R
663494,Bryan,Torres,39,7/2/1997,"5' 7""",165,L,R
650402,Gleyber,Torres,25,12/13/1996,"5' 10""",205,R,R
678662,Ezequiel,Tovar,14,8/1/2001,"6' 0""",192,R,R
666211,Taylor,Trammell,26,9/13/1997,"6' 1""",220,L,L
595014,Blake,Treinen,49,6/30/1988,"6' 5""",225,R,R
624431,Jose,Trevino,35,11/28/1992,"5' 9""",215,R,R
701649,James,Triantos,5,1/29/2003,"5' 11""",195,R,R
669707,Jared,Triolo,19,2/8/1998,"6' 3""",212,R,R
642152,Lou,Trivino III,,10/1/1991,"6' 5""",232,R,R
644433,Chadwick,Tromp,14,3/21/1995,"5' 8""",221,R,R
545361,Michael,Trout,27,8/7/1991,"6' 1""",235,R,R
694371,Thomas,Troy,9,1/17/2002,"5' 9""",197,R,R
663656,Kyle,Tucker,23,1/17/1997,"6' 3""",212,L,R
814305,Yunior,Tur,70,8/9/1999,"6' 6""",208,R,R
668930,Brice,Turang,2,11/21/1999,"6' 0""",190,L,R
607208,Trea,Turner,7,6/30/1993,"6' 1""",185,R,R
700413,Tyler,Uberstine,,6/1/1999,"6' 1""",200,R,R
699044,Miguel,Ullola,66,6/19/2002,"6' 1""",205,R,R
700712,Walbert,Ureña,57,1/25/2004,"6' 0""",210,R,R
649966,Luis,Urías,48,6/3/1997,"5' 9""",202,R,R
602104,Ramón,Urías,29,6/3/1994,"5' 9""",185,R,R
682842,Abner,Uribe,45,6/20/2000,"6' 3""",205,R,R
664353,José,Urquidy,70,5/1/1995,"6' 0""",225,R,R
699013,Esmerlyn,Valdez,55,1/27/2004,"6' 2""",234,R,R
664285,Framber,Valdez,59,11/19/1993,"5' 11""",230,R,L
680664,Eduardo,Valencia,32,1/25/2000,"6' 1""",180,R,R
678218,Brandon,Valenzuela,59,10/2/2000,"6' 0""",225,S,R
671655,George,Valera,7,11/13/2000,"5' 10""",195,L,L
676568,Ricky,Vanasco,,10/13/1998,"6' 3""",180,R,R
669310,Cornelis,Van Eyk,58,9/15/1998,"6' 1""",198,R,R
701121,Logan,VanWey,64,2/14/1999,"6' 2""",205,R,R
672841,Carlos ,Vargas,54,10/13/1999,"6' 4""",210,R,R
545121,Ildemaro,Vargas,6,7/16/1991,"5' 11""",202,S,R
678246,Miguel,Vargas,20,11/17/1999,"6' 2""",225,R,R
681402,Augustus,Varland,47,11/6/1996,"6' 1""",225,L,R
686973,Louis,Varland,77,12/9/1997,"6' 1""",205,L,R
662139,Daulton,Varsho,18,7/2/1996,"5' 8""",207,L,R
681190,Randy,Vásquez,98,11/3/1998,"6' 0""",165,R,R
683734,Andrew,Vaughn,28,4/3/1998,"5' 10""",215,R,R
543877,Christian,Vázquez,2,8/21/1990,"5' 8""",205,R,R
676679,Luis,Vázquez,52,10/10/1999,"6' 0""",165,R,R
691728,Zachary,Veen,13,12/12/2001,"6' 3""",243,L,R
592826,Vincent,Velasquez,67,6/7/1992,"6' 3""",210,R,R
623205,Andrew,Velazquez,45,7/14/1994,"5' 8""",170,S,R
676369,Nelson,Velázquez,30,12/26/1998,"5' 11""",190,R,R
434378,Justin,Verlander,35,2/20/1983,"6' 5""",240,R,R
681911,Alexander,Vesia,51,4/11/1996,"6' 1""",209,L,L
676684,William,Vest,19,6/6/1995,"6' 0""",180,R,R
668901,Mark,Vientos,27,12/11/1999,"6' 3""",185,R,R
663837,Matthew,Vierling,8,9/16/1996,"6' 1""",205,R,R
668723,Ryan,Vilade,26,2/18/1999,"6' 1""",226,R,R
678391,Jorbit,Vivas,84,3/9/2001,"5' 9""",171,L,R
680767,Victor,Vodnik,38,10/9/1999,"6' 0""",216,R,R
683011,Anthony,Volpe,11,4/28/2001,"5' 10""",197,R,R
608723,Austin,Voth,,6/26/1992,"6' 2""",215,R,R
608379,Michael,Wacha,52,7/1/1991,"6' 6""",215,R,R
664774,LaMonte,Wade,31,1/1/1994,"5' 11""",215,L,L
676572,Eric,Wagaman,39,8/14/1997,"6' 4""",210,R,R
695238,William,Wagner,7,7/29/1998,"6' 0""",210,L,R
621097,Jacob,Waguespack,58,11/5/1993,"6' 6""",228,R,R
686610,Kenneth,Waldichuk,52,1/8/1998,"6' 4""",220,L,L
694462,Hurston,Waldrep,64,3/1/2002,"6' 2""",210,R,R
663362,Matthew,Waldron,56,9/26/1996,"6' 2""",185,R,R
814439,Ryan,Waldschmidt,15,10/7/2002,"6' 0""",205,R,R
572233,Christian,Walker,8,3/28/1991,"5' 11""",208,R,R
691023,Jordan,Walker,18,5/22/2002,"6' 6""",250,R,R
677020,Joshua,Walker,61,12/1/1994,"6' 6""",225,L,L
676254,Ryan,Walker,74,11/26/1995,"6' 2""",215,R,R
592836,Taijuan,Walker,32,8/13/1992,"6' 4""",235,R,R
670242,Matthew,Wallner,38,12/12/1997,"6' 4""",220,L,R
670764,Taylor,Walls,6,7/10/1996,"5' 9""",185,S,R
622268,Donovan,Walton,29,5/25/1994,"5' 9""",190,L,R
681806,Andrew,Wantz,,10/13/1995,"6' 4""",235,R,R
621493,Joseph,Ward,27,12/14/1993,"6' 0""",205,R,R
669899,Ryan,Ward,67,2/23/1998,"5' 10""",200,L,R
681810,Austin,Warren,44,2/5/1996,"6' 0""",170,R,R
701542,William,Warren,29,6/16/1999,"6' 2""",200,R,R
696135,Kahlil,Watson,31,4/16/2003,"5' 9""",178,L,R
670245,Ryan,Watson,56,11/15/1997,"6' 5""",225,R,R
694360,Beck,Way,44,8/6/1999,"6' 4""",200,R,R
677960,Ryan,Weathers,40,12/17/1999,"6' 1""",230,R,L
596133,Luke,Weaver,18,8/21/1993,"6' 2""",180,R,R
657097,Jacob,Webb,71,8/15/1993,"6' 2""",210,R,R
657277,Logan,Webb,62,11/18/1996,"6' 2""",221,R,R
676620,Blake,Weiman,68,11/5/1995,"6' 3""",225,R,L
674073,John,Weisenburger,82,10/8/1997,"6' 3""",220,R,R
680802,Ryan,Weiss,51,12/10/1996,"6' 4""",210,R,R
669711,Gregory,Weissert,57,2/4/1995,"6' 2""",235,R,R
669224,Austin,Wells,28,7/12/1999,"6' 1""",220,L,R
669330,Tyler,Wells,68,8/26/1994,"6' 8""",270,R,R
673995,Davis,Wendzel,53,5/23/1997,"5' 11""",210,R,R
669713,Hayden,Wesneski,39,12/5/1997,"6' 3""",210,R,R
687721,Cameron,Weston,80,8/27/2000,"6' 2""",215,R,R
802139,Jonathan,Wetherholt,26,9/10/2002,"5' 9""",190,L,R
554430,Zachary,Wheeler,45,5/30/1990,"6' 4""",195,L,R
687931,Carson,Whisenhunt,88,10/20/2000,"6' 3""",225,L,L
694376,Shay,Whitcomb,13,9/28/1998,"6' 0""",202,R,R
642201,Elijah,White,38,6/26/1994,"6' 2""",195,R,R
687985,Joshua,White,59,11/24/2000,"6' 1""",205,R,R
695720,Thomas,White,47,3/2/2003,"6' 0""",220,R,R
676477,Garrett,Whitlock,22,6/11/1996,"6' 5""",222,R,R
696136,Jordan,Wicks,36,9/1/1999,"6' 3""",220,L,L
686894,Joseph,Wiemer,,2/11/1999,"6' 4""",226,R,R
677961,Mitchell,Wilcox,43,7/14/1999,"6' 5""",232,R,R
683363,Matthew,Wilkinson,71,12/10/2002,"6' 1""",250,R,L
675961,Alexander,Williams,12,3/12/1999,"6' 1""",183,R,R
700246,Carson,Williams,7,6/25/2003,"6' 1""",180,R,R
642207,Devin,Williams,38,9/21/1994,"6' 2""",193,R,R
668909,Gavin,Williams,32,7/26/1999,"6' 6""",250,L,R
663897,Lucas,Williams,,8/9/1996,"6' 1""",186,R,R
592866,Trevor,Williams,32,4/25/1992,"6' 3""",231,R,R
810938,Benjamin,Williamson,15,11/5/2000,"6' 0""",210,R,R
682227,Brandon,Williamson,55,4/2/1998,"6' 6""",210,R,L
669060,Bryse,Wilson,41,12/20/1997,"6' 2""",255,R,R
805779,Jacob,Wilson,5,3/30/2002,"6' 2""",190,R,R
642215,Weston,Wilson,31,9/11/1994,"6' 3""",215,R,R
669717,Will,Wilson,7,7/21/1998,"5' 9""",184,R,R
668390,Cole,Winn,60,11/25/1999,"6' 2""",190,R,R
676775,Keaton,Winn,67,2/20/1998,"6' 4""",230,R,R
691026,Masyn,Winn,0,3/21/2002,"5' 9""",185,R,R
685464,Cade,Winquest,63,4/30/2000,"6' 1""",217,R,R
621550,Patrick,Wisdom,35,8/27/1991,"6' 2""",220,R,R
677951,Robert,Witt,7,6/14/2000,"6' 1""",200,R,R
664991,Grant,Wolfram,48,12/12/1996,"6' 7""",250,L,L
657136,Connor,Wong,12,5/19/1996,"5' 10""",190,R,R
693433,Bryan,Woo,22,1/30/2000,"6' 2""",205,R,R
695578,James,Wood,29,9/17/2002,"6' 6""",234,L,R
663765,Jacob,Woodford,,10/28/1996,"6' 4""",215,R,R
605540,Brandon,Woodruff,53,2/10/1993,"6' 4""",241,L,R
680573,Simeon,Woods Richardson,10,9/27/2000,"6' 3""",210,R,R
669398,Gage,Workman,99,10/24/1999,"6' 4""",202,L,R
680736,Justin,Wrobleski,70,7/14/2000,"6' 1""",194,L,L
642851,Robert,Wynns,61,12/10/1990,"6' 1""",190,R,R
808967,Yoshinobu,Yamamoto,18,8/17/1998,"5' 10""",176,R,R
642376,Jefry,Yan,84,8/17/1996,"6' 3""",185,L,L
642232,Ryan,Yarbrough,33,12/31/1991,"6' 5""",205,R,L
573262,Michael,Yastrzemski,18,8/23/1990,"5' 10""",180,L,L
489446,Kirby,Yates,54,3/25/1987,"5' 10""",205,L,R
678868,Eddy,Yean,46,6/25/2001,"6' 3""",265,R,R
592885,Christian,Yelich,22,12/5/1991,"6' 4""",220,L,R
702056,Trey,Yesavage,39,7/28/2003,"6' 4""",225,R,R
684974,Craig,Yoho,23,10/23/1999,"6' 2""",237,R,R
694377,Nicholas,Yorke,38,4/2/2002,"5' 11""",220,R,R
807799,Masataka,Yoshida,7,7/15/1993,"5' 8""",192,L,R
687064,Brandon,Young,63,8/19/1998,"6' 6""",230,R,R
702284,Cole,Young,2,7/29/2003,"5' 10""",180,L,R
664849,Daniel,Young,63,5/27/1994,"6' 3""",200,L,L
696285,Jacob,Young,30,7/27/1999,"5' 11""",192,R,R
676724,Jared,Young,29,7/9/1995,"6' 2""",200,L,R
666171,Ryan,Zeferjahn,56,2/28/1998,"6' 5""",209,R,R
672582,Angel,Zerpa,61,9/27/1999,"6' 0""",237,L,L
669145,Bruce,Zimmermann,54,2/9/1995,"6' 3""",236,L,L
676604,Tyler,Zuber,55,6/16/1995,"5' 11""",195,R,R
670871,Guillermo,Zuñiga,46,10/10/1998,"6' 5""",230,R,R
